variant,CHR,START,END,SNP,P,minLOG10,TYPE,AF,BETA,Gene,Product,freq_casos,freq_controles,delta_freq,abs_delta_freq,log10_p,Grupo Dominante
26695_1318228,26695,1318228,1318228,A>T,0.749,0.125518,kmers,0.145,-0.00833,HP1243,Blood group antigen binding adhesin BabA,0.09090909090909091,0.20114942528735633,-0.11024033437826541,0.11024033437826541,0.12551818230053352,NAG
26695_1319491,26695,1319491,1319491,A>T,0.136,0.866461,kmers,0.0382,0.069,HP1243,Blood group antigen binding adhesin BabA,0.055944055944055944,0.034482758620689655,0.02146129732336629,0.02146129732336629,0.8664610916297825,GC
26695_1317869,26695,1317869,1317869,A>T,0.725,0.139662,kmers,0.504,-0.00632,HP1243,Blood group antigen binding adhesin BabA,0.40559440559440557,0.5689655172413793,-0.16337111164697377,0.16337111164697377,0.13966199342900631,NAG
26695_1318310,26695,1318310,1318310,A>T,0.232,0.634512,kmers,0.211,0.0269,HP1243,Blood group antigen binding adhesin BabA,0.2097902097902098,0.23563218390804597,-0.025841974117836175,0.025841974117836175,0.6345120151091003,NAG
26695_1318669,26695,1318669,1318669,A>T,0.0268,1.57187,kmers,0.12,0.0666,HP1243,Blood group antigen binding adhesin BabA,0.18181818181818182,0.034482758620689655,0.14733542319749215,0.14733542319749215,1.5718652059712113,GC
26695_1319219,26695,1319219,1319219,A>T,0.000328,3.48413,kmers,0.26,0.0816,HP1243,Blood group antigen binding adhesin BabA,0.3006993006993007,0.12643678160919541,0.17426251909010526,0.17426251909010526,3.484126156288321,GC
26695_1318298,26695,1318298,1318298,A>T,0.164,0.785156,kmers,0.275,0.0294,HP1243,Blood group antigen binding adhesin BabA,0.3006993006993007,0.25862068965517243,0.042078611044128245,0.042078611044128245,0.7851561519523022,GC
26695_1319215,26695,1319215,1319215,A>T,0.0107,1.97062,kmers,0.207,0.0614,HP1243,Blood group antigen binding adhesin BabA,0.04195804195804196,0.034482758620689655,0.007475283337352305,0.007475283337352305,1.9706162223147903,GC
26695_1318153,26695,1318153,1318153,A>T,0.846,0.0726296,kmers,0.638,-0.00356,HP1243,Blood group antigen binding adhesin BabA,0.5944055944055944,0.6494252873563219,-0.055019692950727506,0.055019692950727506,0.07262963696097648,NAG
26695_1319584,26695,1319584,1319584,A>T,0.0022,2.65758,kmers,0.0818,0.107,HP1243,Blood group antigen binding adhesin BabA,0.1048951048951049,0.040229885057471264,0.06466521983763363,0.06466521983763363,2.657577319177794,GC
26695_1317859,26695,1317859,1317859,A>T,0.847,0.0721166,kmers,0.398,0.00406,HP1243,Blood group antigen binding adhesin BabA,0.5314685314685315,0.2988505747126437,0.23261795675588776,0.23261795675588776,0.0721165896692931,GC
26695_1319608,26695,1319608,1319608,A>T,3.45e-05,4.46218,kmers,0.215,0.096,HP1243,Blood group antigen binding adhesin BabA,0.2937062937062937,0.034482758620689655,0.25922353508560403,0.25922353508560403,4.462180904926726,GC
26695_1319989,26695,1319989,1319989,A>T,0.363,0.440093,kmers,0.171,0.022,HP1243,Blood group antigen binding adhesin BabA,0.1958041958041958,0.07471264367816093,0.12109155212603488,0.12109155212603488,0.4400933749638875,GC
26695_1318442,26695,1318442,1318442,A>T,0.0495,1.30539,kmers,0.265,0.0419,HP1243,Blood group antigen binding adhesin BabA,0.32867132867132864,0.25862068965517243,0.07005063901615621,0.07005063901615621,1.3053948010664314,GC
26695_1318772,26695,1318772,1318772,A>T,0.415,0.381952,kmers,0.125,0.0221,HP1243,Blood group antigen binding adhesin BabA,0.1888111888111888,0.034482758620689655,0.15432843019049913,0.15432843019049913,0.3819519032879073,GC
26695_1319710,26695,1319710,1319710,A>T,0.0042,2.37675,kmers,0.169,0.0714,HP1243,Blood group antigen binding adhesin BabA,0.3006993006993007,0.034482758620689655,0.266216542078611,0.266216542078611,2.3767507096020997,GC
26695_1319726,26695,1319726,1319726,A>T,0.0267,1.57349,kmers,0.0473,0.0965,HP1243,Blood group antigen binding adhesin BabA,0.09090909090909091,0.022988505747126436,0.06792058516196448,0.06792058516196448,1.5734887386354248,GC
26695_1319984,26695,1319984,1319984,A>T,0.95,0.0222764,kmers,0.515,-0.00113,HP1243,Blood group antigen binding adhesin BabA,0.5034965034965035,0.4425287356321839,0.06096776786431962,0.06096776786431962,0.022276394711152253,GC
26695_1318324,26695,1318324,1318324,A>T,0.65,0.187087,kmers,0.0727,0.0158,HP1243,Blood group antigen binding adhesin BabA,0.06293706293706294,0.10344827586206896,-0.04051121292500602,0.04051121292500602,0.18708664335714442,NAG
26695_1319318,26695,1319318,1319318,A>T,0.011,1.95861,kmers,0.08,0.0857,HP1243,Blood group antigen binding adhesin BabA,0.1048951048951049,0.028735632183908046,0.07615947271119686,0.07615947271119686,1.958607314841775,GC
26695_1319065,26695,1319065,1319065,A>T,0.135,0.869666,kmers,0.115,0.0388,HP1243,Blood group antigen binding adhesin BabA,0.16083916083916083,0.07471264367816093,0.08612651716099991,0.08612651716099991,0.8696662315049939,GC
26695_1319215,26695,1319215,1319215,A>T,0.0437,1.35952,kmers,0.0436,0.0936,HP1243,Blood group antigen binding adhesin BabA,0.23776223776223776,0.08620689655172414,0.15155534121051362,0.15155534121051362,1.359518563029578,GC
26695_1319580,26695,1319580,1319580,A>T,3.31e-11,10.4802,kmers,0.524,0.129,HP1243,Blood group antigen binding adhesin BabA,0.7272727272727273,0.14942528735632185,0.5778474399164054,0.5778474399164054,10.480172006224281,GC
26695_1319932,26695,1319932,1319932,A>T,0.895,0.048177,kmers,0.176,-0.00318,HP1243,Blood group antigen binding adhesin BabA,0.14685314685314685,0.1896551724137931,-0.042802025560646245,0.042802025560646245,0.04817696468408802,NAG
26695_1318826,26695,1318826,1318826,A>T,0.0231,1.63639,kmers,0.0764,0.0811,HP1243,Blood group antigen binding adhesin BabA,0.09090909090909091,0.028735632183908046,0.062173458725182866,0.062173458725182866,1.6363880201078558,GC
26695_1319050,26695,1319050,1319050,A>T,2.99e-05,4.52433,kmers,0.118,0.119,HP1243,Blood group antigen binding adhesin BabA,0.1958041958041958,0.04597701149425287,0.14982718430994293,0.14982718430994293,4.52432881167557,GC
26695_1319609,26695,1319609,1319609,A>T,1.7e-05,4.76955,kmers,0.196,0.103,HP1243,Blood group antigen binding adhesin BabA,0.2727272727272727,0.028735632183908046,0.24399164054336467,0.24399164054336467,4.769551078621726,GC
26695_1318066,26695,1318066,1318066,A>T,0.981,0.00833099,kmers,0.135,0.000685,HP1243,Blood group antigen binding adhesin BabA,0.1258741258741259,0.09195402298850575,0.03392010288562014,0.03392010288562014,0.008330992620051497,GC
26695_1319486,26695,1319486,1319486,A>T,0.139,0.856985,kmers,0.0582,0.0574,HP1243,Blood group antigen binding adhesin BabA,0.08391608391608392,0.04597701149425287,0.03793907242183105,0.03793907242183105,0.8569851997459049,GC
26695_1319750,26695,1319750,1319750,A>T,9.84e-07,6.007,kmers,0.14,0.141,HP1243,Blood group antigen binding adhesin BabA,0.1888111888111888,0.06896551724137931,0.11984567156980949,0.11984567156980949,6.007004901568658,GC
26695_1319713,26695,1319713,1319713,A>T,0.304,0.517126,kmers,0.144,0.0261,HP1243,Blood group antigen binding adhesin BabA,0.03496503496503497,0.08620689655172414,-0.051241861586689176,0.051241861586689176,0.5171264163912462,NAG
26695_1318750,26695,1318750,1318750,A>T,0.0483,1.31605,kmers,0.0727,0.0703,HP1243,Blood group antigen binding adhesin BabA,0.07692307692307693,0.011494252873563218,0.06542882404951371,0.06542882404951371,1.3160528692484879,GC
26695_1318331,26695,1318331,1318331,A>T,0.988,0.00524306,kmers,0.0818,0.000511,HP1243,Blood group antigen binding adhesin BabA,0.04195804195804196,0.09770114942528736,-0.0557431074672454,0.0557431074672454,0.005243055412371883,NAG
26695_1318921,26695,1318921,1318921,A>T,0.0697,1.15677,kmers,0.0836,0.058,HP1243,Blood group antigen binding adhesin BabA,0.14685314685314685,0.005747126436781609,0.14110602041636525,0.14110602041636525,1.1567672219019907,GC
26695_1319051,26695,1319051,1319051,A>T,0.000104,3.98297,kmers,0.209,0.0853,HP1243,Blood group antigen binding adhesin BabA,0.3076923076923077,0.07471264367816093,0.23297966401414677,0.23297966401414677,3.9829666607012197,GC
26695_1319197,26695,1319197,1319197,A>T,0.213,0.67162,kmers,0.0455,0.0495,HP1243,Blood group antigen binding adhesin BabA,0.14685314685314685,0.09195402298850575,0.0548991238646411,0.0548991238646411,0.6716203965612623,GC
26695_1319065,26695,1319065,1319065,A>T,0.135,0.869666,kmers,0.115,0.0388,HP1243,Blood group antigen binding adhesin BabA,0.055944055944055944,0.028735632183908046,0.0272084237601479,0.0272084237601479,0.8696662315049939,GC
26695_1318820,26695,1318820,1318820,A>T,0.0103,1.98716,kmers,0.175,0.0656,HP1243,Blood group antigen binding adhesin BabA,0.2097902097902098,0.05747126436781609,0.15231894542239371,0.15231894542239371,1.9871627752948278,GC
26695_1318039,26695,1318039,1318039,A>T,0.767,0.115205,kmers,0.0909,0.00905,HP1243,Blood group antigen binding adhesin BabA,0.13286713286713286,0.1206896551724138,0.012177477694719066,0.012177477694719066,0.11520463605101904,GC
26695_1318117,26695,1318117,1318117,A>T,0.867,0.0619809,kmers,0.0909,-0.00505,HP1243,Blood group antigen binding adhesin BabA,0.1048951048951049,0.034482758620689655,0.07041234627441524,0.07041234627441524,0.06198090252378971,GC
26695_1318921,26695,1318921,1318921,A>T,0.0697,1.15677,kmers,0.0836,0.058,HP1243,Blood group antigen binding adhesin BabA,0.48951048951048953,0.09195402298850575,0.3975564665219838,0.3975564665219838,1.1567672219019907,GC
26695_1318817,26695,1318817,1318817,A>T,0.0293,1.53313,kmers,0.176,0.054,HP1243,Blood group antigen binding adhesin BabA,0.21678321678321677,0.07471264367816093,0.14207057310505583,0.14207057310505583,1.5331323796458904,GC
26695_1318821,26695,1318821,1318821,A>T,0.0103,1.98716,kmers,0.175,0.0656,HP1243,Blood group antigen binding adhesin BabA,0.2097902097902098,0.05747126436781609,0.15231894542239371,0.15231894542239371,1.9871627752948278,GC
26695_1319751,26695,1319751,1319751,A>T,6.27e-09,8.20273,kmers,0.215,0.135,HP1243,Blood group antigen binding adhesin BabA,0.1048951048951049,0.034482758620689655,0.07041234627441524,0.07041234627441524,8.202732459169283,GC
26695_1318633,26695,1318633,1318633,A>T,0.427,0.369572,kmers,0.236,0.0173,HP1243,Blood group antigen binding adhesin BabA,0.24475524475524477,0.21839080459770116,0.026364440157543606,0.026364440157543606,0.36957212497497616,GC
26695_1317887,26695,1317887,1317887,A>T,0.771,0.112946,kmers,0.225,-0.00633,HP1243,Blood group antigen binding adhesin BabA,0.22377622377622378,0.27011494252873564,-0.04633871875251186,0.04633871875251186,0.11294562194904302,NAG
26695_1319576,26695,1319576,1319576,A>T,3.53e-10,9.45223,kmers,0.471,0.119,HP1243,Blood group antigen binding adhesin BabA,0.055944055944055944,0.034482758620689655,0.02146129732336629,0.02146129732336629,9.452225294612177,GC
26695_1318038,26695,1318038,1318038,A>T,0.656,0.183096,kmers,0.04,-0.0204,HP1243,Blood group antigen binding adhesin BabA,0.03496503496503497,0.028735632183908046,0.006229402781126922,0.006229402781126922,0.1830961606243397,GC
26695_1318219,26695,1318219,1318219,A>T,0.292,0.534617,kmers,0.147,0.0275,HP1243,Blood group antigen binding adhesin BabA,0.11188811188811189,0.20114942528735633,-0.08926131339924444,0.08926131339924444,0.5346171485515817,NAG
26695_1320037,26695,1320037,1320037,A>T,0.128,0.89279,kmers,0.262,-0.0353,HP1243,Blood group antigen binding adhesin BabA,0.20279720279720279,0.3448275862068966,-0.1420303834096938,0.1420303834096938,0.8927900303521317,NAG
26695_1318650,26695,1318650,1318650,A>T,0.00338,2.47108,kmers,0.118,0.0843,HP1243,Blood group antigen binding adhesin BabA,0.17482517482517482,0.04597701149425287,0.12884816333092194,0.12884816333092194,2.4710832997223453,GC
26695_1319889,26695,1319889,1319889,A>T,0.864,0.0634863,kmers,0.22,0.00426,HP1243,Blood group antigen binding adhesin BabA,0.1958041958041958,0.19540229885057472,0.0004018969536210837,0.0004018969536210837,0.06348625752110672,GC
26695_1319057,26695,1319057,1319057,A>T,3.69e-05,4.43297,kmers,0.225,0.0895,HP1243,Blood group antigen binding adhesin BabA,0.2517482517482518,0.1206896551724138,0.13105859657583796,0.13105859657583796,4.432973633840939,GC
26695_1318635,26695,1318635,1318635,A>T,0.523,0.281498,kmers,0.249,0.0135,HP1243,Blood group antigen binding adhesin BabA,0.2517482517482518,0.2413793103448276,0.010368941403424176,0.010368941403424176,0.2814983111327257,GC
26695_1319482,26695,1319482,1319482,A>T,0.0709,1.14935,kmers,0.0582,0.0691,HP1243,Blood group antigen binding adhesin BabA,0.1048951048951049,0.05172413793103448,0.053170966964070414,0.053170966964070414,1.1493537648169334,GC
26695_1318775,26695,1318775,1318775,A>T,0.421,0.375718,kmers,0.127,0.0216,HP1243,Blood group antigen binding adhesin BabA,0.1888111888111888,0.034482758620689655,0.15432843019049913,0.15432843019049913,0.3757179041643317,GC
26695_1319705,26695,1319705,1319705,A>T,0.000609,3.21538,kmers,0.145,0.0868,HP1243,Blood group antigen binding adhesin BabA,0.26573426573426573,0.034482758620689655,0.23125150711357606,0.23125150711357606,3.215382707367125,GC
26695_1319222,26695,1319222,1319222,A>T,0.000239,3.6216,kmers,0.145,0.0922,HP1243,Blood group antigen binding adhesin BabA,0.16783216783216784,0.07471264367816093,0.09311952415400691,0.09311952415400691,3.6216020990518625,GC
26695_1319883,26695,1319883,1319883,A>T,0.34,0.468521,kmers,0.425,0.0187,HP1243,Blood group antigen binding adhesin BabA,0.44755244755244755,0.3620689655172414,0.08548348203520617,0.08548348203520617,0.46852108295774486,GC
26695_1318432,26695,1318432,1318432,A>T,0.204,0.69037,kmers,0.0691,-0.0451,HP1243,Blood group antigen binding adhesin BabA,0.18181818181818182,0.0,0.18181818181818182,0.18181818181818182,0.6903698325741012,GC
26695_1319596,26695,1319596,1319596,A>T,5.75e-05,4.24033,kmers,0.34,0.0839,HP1243,Blood group antigen binding adhesin BabA,0.4755244755244755,0.06321839080459771,0.41230608471987784,0.41230608471987784,4.2403321553103694,GC
26695_1319887,26695,1319887,1319887,A>T,0.783,0.106238,kmers,0.0564,0.01,HP1243,Blood group antigen binding adhesin BabA,0.2727272727272727,0.11494252873563218,0.15778474399164052,0.15778474399164052,0.10623823794205658,GC
26695_1318187,26695,1318187,1318187,A>T,0.493,0.307153,kmers,0.18,0.0151,HP1243,Blood group antigen binding adhesin BabA,0.17482517482517482,0.1724137931034483,0.00241138172172653,0.00241138172172653,0.30715308072277,GC
26695_1319588,26695,1319588,1319588,A>T,1.03e-06,5.98716,kmers,0.447,0.0983,HP1243,Blood group antigen binding adhesin BabA,0.6153846153846154,0.09770114942528736,0.517683465959328,0.517683465959328,5.987162775294828,GC
26695_1319600,26695,1319600,1319600,A>T,3.75e-05,4.42597,kmers,0.355,0.0872,HP1243,Blood group antigen binding adhesin BabA,0.48951048951048953,0.06321839080459771,0.4262920987058918,0.4262920987058918,4.425968732272281,GC
26695_1319319,26695,1319319,1319319,A>T,0.00637,2.19586,kmers,0.0836,0.0904,HP1243,Blood group antigen binding adhesin BabA,0.11888111888111888,0.028735632183908046,0.09014548669721084,0.09014548669721084,2.1958605676646497,GC
26695_1319876,26695,1319876,1319876,A>T,0.305,0.5157,kmers,0.442,0.02,HP1243,Blood group antigen binding adhesin BabA,0.46853146853146854,0.367816091954023,0.10071537657744556,0.10071537657744556,0.5157001606532142,GC
26695_1318493,26695,1318493,1318493,A>T,0.413,0.38405,kmers,0.0636,0.0323,HP1243,Blood group antigen binding adhesin BabA,0.055944055944055944,0.06321839080459771,-0.007274334860541763,0.007274334860541763,0.384049948343599,NAG
26695_1318282,26695,1318282,1318282,A>T,0.938,0.0277972,kmers,0.0764,0.00249,HP1243,Blood group antigen binding adhesin BabA,0.07692307692307693,0.040229885057471264,0.036693191865605664,0.036693191865605664,0.027797161620935564,GC
26695_1319572,26695,1319572,1319572,A>T,4.98e-06,5.30277,kmers,0.307,0.0894,HP1243,Blood group antigen binding adhesin BabA,0.44755244755244755,0.06896551724137931,0.37858693031106827,0.37858693031106827,5.302770657240282,GC
26695_1318277,26695,1318277,1318277,A>T,0.387,0.412289,kmers,0.904,0.0251,HP1243,Blood group antigen binding adhesin BabA,0.9300699300699301,0.9022988505747126,0.02777107949521751,0.02777107949521751,0.4122890349810886,GC
26695_1318667,26695,1318667,1318667,A>T,0.0264,1.5784,kmers,0.122,0.0665,HP1243,Blood group antigen binding adhesin BabA,0.18181818181818182,0.034482758620689655,0.14733542319749215,0.14733542319749215,1.578396073130169,GC
26695_1318034,26695,1318034,1318034,A>T,0.882,0.0545314,kmers,0.305,-0.00282,HP1243,Blood group antigen binding adhesin BabA,0.3006993006993007,0.3390804597701149,-0.03838115907081424,0.03838115907081424,0.054531414868180264,NAG
26695_1319568,26695,1319568,1319568,A>T,8.41e-05,4.0752,kmers,0.289,0.0784,HP1243,Blood group antigen binding adhesin BabA,0.4195804195804196,0.06321839080459771,0.3563620287758219,0.3563620287758219,4.075204004202088,GC
26695_1318405,26695,1318405,1318405,A>T,0.304,0.517126,kmers,0.0545,0.0374,HP1243,Blood group antigen binding adhesin BabA,0.06993006993006994,0.011494252873563218,0.05843581705650672,0.05843581705650672,0.5171264163912462,GC
26695_1318264,26695,1318264,1318264,A>T,0.638,0.195179,kmers,0.0691,0.017,HP1243,Blood group antigen binding adhesin BabA,0.04195804195804196,0.08620689655172414,-0.044248854593682184,0.044248854593682184,0.19517932127883766,NAG
26695_1319603,26695,1319603,1319603,A>T,2.91e-05,4.53611,kmers,0.22,0.0965,HP1243,Blood group antigen binding adhesin BabA,0.2937062937062937,0.034482758620689655,0.25922353508560403,0.25922353508560403,4.536107011014093,GC
26695_1319328,26695,1319328,1319328,A>T,6.09e-05,4.21538,kmers,0.0709,0.145,HP1243,Blood group antigen binding adhesin BabA,0.1258741258741259,0.011494252873563218,0.11437987300056267,0.11437987300056267,4.215382707367125,GC
26695_1319215,26695,1319215,1319215,A>T,0.0437,1.35952,kmers,0.0436,0.0936,HP1243,Blood group antigen binding adhesin BabA,0.04195804195804196,0.034482758620689655,0.007475283337352305,0.007475283337352305,1.359518563029578,GC
26695_1319892,26695,1319892,1319892,A>T,0.123,0.910095,kmers,0.227,0.0379,HP1243,Blood group antigen binding adhesin BabA,0.25874125874125875,0.12643678160919541,0.13230447713206334,0.13230447713206334,0.9100948885606021,GC
26695_1318666,26695,1318666,1318666,A>T,0.0338,1.47108,kmers,0.0491,0.0909,HP1243,Blood group antigen binding adhesin BabA,0.09090909090909091,0.011494252873563218,0.0794148380355277,0.0794148380355277,1.4710832997223453,GC
26695_1319753,26695,1319753,1319753,A>T,2.69e-08,7.57025,kmers,0.204,0.13,HP1243,Blood group antigen binding adhesin BabA,0.2867132867132867,0.08620689655172414,0.20050639016156258,0.20050639016156258,7.570247719997592,GC
26695_1318568,26695,1318568,1318568,A>T,0.951,0.0218195,kmers,0.125,0.00172,HP1243,Blood group antigen binding adhesin BabA,0.13286713286713286,0.08620689655172414,0.04666023631540872,0.04666023631540872,0.02181948306258609,GC
26695_1319065,26695,1319065,1319065,A>T,0.000146,3.83565,kmers,0.142,0.103,HP1243,Blood group antigen binding adhesin BabA,0.17482517482517482,0.022988505747126436,0.15183666907804838,0.15183666907804838,3.835647144215563,GC
26695_1318432,26695,1318432,1318432,A>T,0.258,0.58838,kmers,0.1,0.0322,HP1243,Blood group antigen binding adhesin BabA,0.18181818181818182,0.022988505747126436,0.1588296760710554,0.1588296760710554,0.5883802940367698,GC
26695_1319903,26695,1319903,1319903,A>T,0.991,0.00392635,kmers,0.32,-0.000259,HP1243,Blood group antigen binding adhesin BabA,0.27972027972027974,0.3448275862068966,-0.06510730648661683,0.06510730648661683,0.003926345514724675,NAG
26695_1319567,26695,1319567,1319567,A>T,7.37e-05,4.13253,kmers,0.296,0.0792,HP1243,Blood group antigen binding adhesin BabA,0.4405594405594406,0.06321839080459771,0.37734104975484284,0.37734104975484284,4.132532512140949,GC
26695_1318826,26695,1318826,1318826,A>T,0.506,0.295849,kmers,0.0782,0.0237,HP1243,Blood group antigen binding adhesin BabA,0.0979020979020979,0.017241379310344827,0.08066071859175308,0.08066071859175308,0.2958494831602009,GC
26695_1319681,26695,1319681,1319681,A>T,0.00085,3.07058,kmers,0.0473,0.145,HP1243,Blood group antigen binding adhesin BabA,0.08391608391608392,0.005747126436781609,0.0781689574793023,0.0781689574793023,3.070581074285707,GC
26695_1318313,26695,1318313,1318313,A>T,0.125,0.90309,kmers,0.102,0.0462,HP1243,Blood group antigen binding adhesin BabA,0.1048951048951049,0.11494252873563218,-0.010047423840527286,0.010047423840527286,0.9030899869919435,NAG
26695_1319210,26695,1319210,1319210,A>T,0.00704,2.15243,kmers,0.209,0.0649,HP1243,Blood group antigen binding adhesin BabA,0.0979020979020979,0.05747126436781609,0.04043083353428181,0.04043083353428181,2.1524273408578876,GC
26695_1319067,26695,1319067,1319067,A>T,0.803,0.0952845,kmers,0.0455,-0.00831,HP1243,Blood group antigen binding adhesin BabA,0.2937062937062937,0.05172413793103448,0.24198215577525922,0.24198215577525922,0.09528445472131904,GC
26695_1319822,26695,1319822,1319822,A>T,0.373,0.428291,kmers,0.227,0.0201,HP1243,Blood group antigen binding adhesin BabA,0.1958041958041958,0.28735632183908044,-0.09155212603488463,0.09155212603488463,0.4282911681913124,NAG
26695_1318437,26695,1318437,1318437,A>T,0.104,0.982967,kmers,0.353,0.033,HP1243,Blood group antigen binding adhesin BabA,0.43356643356643354,0.3218390804597701,0.11172735310666343,0.11172735310666343,0.9829666607012196,GC
26695_1319698,26695,1319698,1319698,A>T,0.000647,3.1891,kmers,0.124,0.0934,HP1243,Blood group antigen binding adhesin BabA,0.13286713286713286,0.011494252873563218,0.12137287999356965,0.12137287999356965,3.1890957193312994,GC
26695_1318447,26695,1318447,1318447,A>T,0.0998,1.00087,kmers,0.184,0.0386,HP1243,Blood group antigen binding adhesin BabA,0.26573426573426573,0.15517241379310345,0.11056185194116228,0.11056185194116228,1.000869458712629,GC
26695_1319212,26695,1319212,1319212,A>T,0.00704,2.15243,kmers,0.209,0.0649,HP1243,Blood group antigen binding adhesin BabA,0.24475524475524477,0.08045977011494253,0.16429547464030225,0.16429547464030225,2.1524273408578876,GC
26695_1319563,26695,1319563,1319563,A>T,0.00247,2.6073,kmers,0.156,0.0706,HP1243,Blood group antigen binding adhesin BabA,0.24475524475524477,0.040229885057471264,0.2045253596977735,0.2045253596977735,2.607303046740334,GC
26695_1319924,26695,1319924,1319924,A>T,0.888,0.051587,kmers,0.18,-0.00337,HP1243,Blood group antigen binding adhesin BabA,0.15384615384615385,0.1896551724137931,-0.03580901856763924,0.03580901856763924,0.05158703422139897,NAG
26695_1319751,26695,1319751,1319751,A>T,6.27e-09,8.20273,kmers,0.215,0.135,HP1243,Blood group antigen binding adhesin BabA,0.2867132867132867,0.10344827586206896,0.18326501085121777,0.18326501085121777,8.202732459169283,GC
26695_1319323,26695,1319323,1319323,A>T,0.00358,2.44612,kmers,0.0745,0.103,HP1243,Blood group antigen binding adhesin BabA,0.11188811188811189,0.017241379310344827,0.09464673257776707,0.09464673257776707,2.4461169733561254,GC
26695_1318184,26695,1318184,1318184,A>T,0.298,0.525784,kmers,0.176,0.023,HP1243,Blood group antigen binding adhesin BabA,0.17482517482517482,0.16666666666666666,0.00815850815850816,0.00815850815850816,0.5257837359237448,GC
26695_1318276,26695,1318276,1318276,A>T,0.473,0.325139,kmers,0.758,0.0145,HP1243,Blood group antigen binding adhesin BabA,0.8181818181818182,0.7413793103448276,0.07680250783699061,0.07680250783699061,0.32513885926218844,GC
26695_1317979,26695,1317979,1317979,A>T,0.14,0.853872,kmers,0.0818,0.0517,HP1243,Blood group antigen binding adhesin BabA,0.13286713286713286,0.04597701149425287,0.08689012137287999,0.08689012137287999,0.8538719643217619,GC
26695_1317875,26695,1317875,1317875,A>T,0.95,0.0222764,kmers,0.38,-0.00112,HP1243,Blood group antigen binding adhesin BabA,0.3916083916083916,0.3735632183908046,0.01804517321758703,0.01804517321758703,0.022276394711152253,GC
26695_1319986,26695,1319986,1319986,A>T,0.363,0.440093,kmers,0.169,0.022,HP1243,Blood group antigen binding adhesin BabA,0.1958041958041958,0.07471264367816093,0.12109155212603488,0.12109155212603488,0.4400933749638875,GC
26695_1319065,26695,1319065,1319065,A>T,0.000146,3.83565,kmers,0.142,0.103,HP1243,Blood group antigen binding adhesin BabA,0.16083916083916083,0.07471264367816093,0.08612651716099991,0.08612651716099991,3.835647144215563,GC
26695_1318925,26695,1318925,1318925,A>T,0.00464,2.33348,kmers,0.264,0.06,HP1243,Blood group antigen binding adhesin BabA,0.36363636363636365,0.07471264367816093,0.2889237199582027,0.2889237199582027,2.3334820194451193,GC
26695_1319887,26695,1319887,1319887,A>T,0.0255,1.59346,kmers,0.238,0.0548,HP1243,Blood group antigen binding adhesin BabA,0.2727272727272727,0.11494252873563218,0.15778474399164052,0.15778474399164052,1.5934598195660448,GC
26695_1319221,26695,1319221,1319221,A>T,0.744,0.128427,kmers,0.0964,0.0103,HP1243,Blood group antigen binding adhesin BabA,0.11888111888111888,0.017241379310344827,0.10163973957077405,0.10163973957077405,0.1284270644541213,GC
26695_1318105,26695,1318105,1318105,A>T,0.324,0.489455,kmers,0.304,0.0192,HP1243,Blood group antigen binding adhesin BabA,0.38461538461538464,0.16666666666666666,0.21794871794871798,0.21794871794871798,0.48945498979338786,GC
26695_1318774,26695,1318774,1318774,A>T,0.424,0.372634,kmers,0.124,0.0218,HP1243,Blood group antigen binding adhesin BabA,0.17482517482517482,0.034482758620689655,0.14034241620448518,0.14034241620448518,0.37263414340726736,GC
26695_1318975,26695,1318975,1318975,A>T,0.00111,2.95468,kmers,0.0691,0.121,HP1243,Blood group antigen binding adhesin BabA,0.11188811188811189,0.022988505747126436,0.08889960614098545,0.08889960614098545,2.9546770212133424,GC
26695_1318025,26695,1318025,1318025,A>T,0.85,0.0705811,kmers,0.0891,0.00606,HP1243,Blood group antigen binding adhesin BabA,0.06993006993006994,0.09770114942528736,-0.027771079495217427,0.027771079495217427,0.07058107428570728,NAG
26695_1319706,26695,1319706,1319706,A>T,0.000795,3.09963,kmers,0.145,0.085,HP1243,Blood group antigen binding adhesin BabA,0.2727272727272727,0.034482758620689655,0.23824451410658304,0.23824451410658304,3.0996328713435295,GC
26695_1319877,26695,1319877,1319877,A>T,0.304,0.517126,kmers,0.444,0.0201,HP1243,Blood group antigen binding adhesin BabA,0.46853146853146854,0.367816091954023,0.10071537657744556,0.10071537657744556,0.5171264163912462,GC
26695_1317838,26695,1317838,1317838,A>T,0.254,0.595166,kmers,0.14,-0.0287,HP1243,Blood group antigen binding adhesin BabA,0.1048951048951049,0.16091954022988506,-0.05602443533478016,0.05602443533478016,0.595166283380062,NAG
26695_1318600,26695,1318600,1318600,A>T,0.237,0.625252,kmers,0.06,0.0449,HP1243,Blood group antigen binding adhesin BabA,0.08391608391608392,0.040229885057471264,0.043686198858612656,0.043686198858612656,0.6252516539898961,GC
26695_1318057,26695,1318057,1318057,A>T,0.00177,2.75203,kmers,0.205,-0.0786,HP1243,Blood group antigen binding adhesin BabA,0.0979020979020979,0.43103448275862066,-0.33313238485652275,0.33313238485652275,2.752026733638193,NAG
26695_1319815,26695,1319815,1319815,A>T,0.00384,2.41567,kmers,0.0709,0.103,HP1243,Blood group antigen binding adhesin BabA,0.07692307692307693,0.06321839080459771,0.01370468611847922,0.01370468611847922,2.415668775632469,GC
26695_1319327,26695,1319327,1319327,A>T,6.03e-05,4.21968,kmers,0.0727,0.143,HP1243,Blood group antigen binding adhesin BabA,0.1258741258741259,0.011494252873563218,0.11437987300056267,0.11437987300056267,4.219682687859849,GC
26695_1318777,26695,1318777,1318777,A>T,0.471,0.326979,kmers,0.165,0.0179,HP1243,Blood group antigen binding adhesin BabA,0.2097902097902098,0.040229885057471264,0.16956032473273852,0.16956032473273852,0.3269790928711038,GC
26695_1318603,26695,1318603,1318603,A>T,0.0855,1.06803,kmers,0.0709,0.0615,HP1243,Blood group antigen binding adhesin BabA,0.1048951048951049,0.04597701149425287,0.05891809340085202,0.05891809340085202,1.0680338852718274,GC
26695_1319914,26695,1319914,1319914,A>T,0.281,0.551294,kmers,0.276,0.0216,HP1243,Blood group antigen binding adhesin BabA,0.34265734265734266,0.21264367816091953,0.13001366449642313,0.13001366449642313,0.5512936800949201,GC
26695_1319134,26695,1319134,1319134,A>T,0.012,1.92082,kmers,0.0855,0.0861,HP1243,Blood group antigen binding adhesin BabA,0.11888111888111888,0.011494252873563218,0.10738686600755566,0.10738686600755566,1.9208187539523751,GC
26695_1318921,26695,1318921,1318921,A>T,0.0213,1.67162,kmers,0.333,0.0468,HP1243,Blood group antigen binding adhesin BabA,0.14685314685314685,0.005747126436781609,0.14110602041636525,0.14110602041636525,1.6716203965612624,GC
26695_1319111,26695,1319111,1319111,A>T,0.00182,2.73993,kmers,0.124,0.0891,HP1243,Blood group antigen binding adhesin BabA,0.17482517482517482,0.005747126436781609,0.16907804838839322,0.16907804838839322,2.7399286120149253,GC
26695_1319576,26695,1319576,1319576,A>T,0.306,0.514279,kmers,0.0527,0.0422,HP1243,Blood group antigen binding adhesin BabA,0.055944055944055944,0.034482758620689655,0.02146129732336629,0.02146129732336629,0.51427857351842,GC
26695_1319066,26695,1319066,1319066,A>T,5.07e-05,4.29499,kmers,0.256,0.0824,HP1243,Blood group antigen binding adhesin BabA,0.3356643356643357,0.09770114942528736,0.23796318623904833,0.23796318623904833,4.294992040666664,GC
26695_1319221,26695,1319221,1319221,A>T,0.000404,3.39362,kmers,0.156,0.0868,HP1243,Blood group antigen binding adhesin BabA,0.17482517482517482,0.10344827586206896,0.07137689896310585,0.07137689896310585,3.393618634889395,GC
26695_1319484,26695,1319484,1319484,A>T,0.139,0.856985,kmers,0.0582,0.0574,HP1243,Blood group antigen binding adhesin BabA,0.08391608391608392,0.04597701149425287,0.03793907242183105,0.03793907242183105,0.8569851997459049,GC
26695_1319602,26695,1319602,1319602,A>T,3.42e-05,4.46597,kmers,0.233,0.094,HP1243,Blood group antigen binding adhesin BabA,0.32167832167832167,0.034482758620689655,0.287195563057632,0.287195563057632,4.465973893943865,GC
26695_1319584,26695,1319584,1319584,A>T,1.74e-07,6.75945,kmers,0.447,0.104,HP1243,Blood group antigen binding adhesin BabA,0.1048951048951049,0.040229885057471264,0.06466521983763363,0.06466521983763363,6.7594507517174005,GC
26695_1318195,26695,1318195,1318195,A>T,0.789,0.102923,kmers,0.0745,0.00911,HP1243,Blood group antigen binding adhesin BabA,0.04195804195804196,0.08045977011494253,-0.03850172815690057,0.03850172815690057,0.10292299679057967,NAG
26695_1318169,26695,1318169,1318169,A>T,0.0509,1.29328,kmers,0.831,0.0458,HP1243,Blood group antigen binding adhesin BabA,0.8671328671328671,0.7816091954022989,0.08552367173056818,0.08552367173056818,1.2932822176632413,GC
26695_1319610,26695,1319610,1319610,A>T,0.000257,3.59007,kmers,0.131,0.0987,HP1243,Blood group antigen binding adhesin BabA,0.17482517482517482,0.022988505747126436,0.15183666907804838,0.15183666907804838,3.5900668766687054,GC
26695_1319919,26695,1319919,1319919,A>T,0.592,0.227678,kmers,0.122,-0.0146,HP1243,Blood group antigen binding adhesin BabA,0.13286713286713286,0.11494252873563218,0.017924604131500682,0.017924604131500682,0.22767829327708025,GC
26695_1319687,26695,1319687,1319687,A>T,0.00106,2.97469,kmers,0.105,0.0943,HP1243,Blood group antigen binding adhesin BabA,0.14685314685314685,0.022988505747126436,0.12386464110602041,0.12386464110602041,2.9746941347352296,GC
26695_1318415,26695,1318415,1318415,A>T,0.32,0.49485,kmers,0.127,0.0264,HP1243,Blood group antigen binding adhesin BabA,0.2097902097902098,0.040229885057471264,0.16956032473273852,0.16956032473273852,0.494850021680094,GC
26695_1319987,26695,1319987,1319987,A>T,0.363,0.440093,kmers,0.169,0.022,HP1243,Blood group antigen binding adhesin BabA,0.1958041958041958,0.07471264367816093,0.12109155212603488,0.12109155212603488,0.4400933749638875,GC
26695_1319067,26695,1319067,1319067,A>T,1.74e-06,5.75945,kmers,0.213,0.11,HP1243,Blood group antigen binding adhesin BabA,0.04195804195804196,0.04597701149425287,-0.004018969536210913,0.004018969536210913,5.7594507517174005,NAG
26695_1319583,26695,1319583,1319583,A>T,4.16e-12,11.3809,kmers,0.524,0.134,HP1243,Blood group antigen binding adhesin BabA,0.7272727272727273,0.14367816091954022,0.5835945663531871,0.5835945663531871,11.380906669373257,GC
26695_1319896,26695,1319896,1319896,A>T,0.969,0.0136762,kmers,0.202,0.000987,HP1243,Blood group antigen binding adhesin BabA,0.18181818181818182,0.1781609195402299,0.0036572622779519337,0.0036572622779519337,0.013676222949234686,GC
26695_1320036,26695,1320036,1320036,A>T,0.142,0.847712,kmers,0.273,-0.0337,HP1243,Blood group antigen binding adhesin BabA,0.21678321678321677,0.3563218390804598,-0.139538622297243,0.139538622297243,0.8477116556169435,NAG
26695_1318118,26695,1318118,1318118,A>T,0.248,0.605548,kmers,0.325,0.022,HP1243,Blood group antigen binding adhesin BabA,0.40559440559440557,0.2413793103448276,0.16421509524957797,0.16421509524957797,0.6055483191737837,GC
26695_1319576,26695,1319576,1319576,A>T,0.306,0.514279,kmers,0.0527,0.0422,HP1243,Blood group antigen binding adhesin BabA,0.6713286713286714,0.11494252873563218,0.5563861425930392,0.5563861425930392,0.51427857351842,GC
26695_1318346,26695,1318346,1318346,A>T,0.179,0.747147,kmers,0.16,-0.0349,HP1243,Blood group antigen binding adhesin BabA,0.13286713286713286,0.21264367816091953,-0.07977654529378667,0.07977654529378667,0.7471469690201068,NAG
26695_1319713,26695,1319713,1319713,A>T,0.0679,1.16813,kmers,0.0945,0.0567,HP1243,Blood group antigen binding adhesin BabA,0.03496503496503497,0.08620689655172414,-0.051241861586689176,0.051241861586689176,1.1681302257194983,NAG
26695_1319749,26695,1319749,1319749,A>T,5.22e-07,6.28233,kmers,0.142,0.144,HP1243,Blood group antigen binding adhesin BabA,0.1958041958041958,0.06896551724137931,0.1268386785628165,0.1268386785628165,6.282329496997738,GC
26695_1318286,26695,1318286,1318286,A>T,0.807,0.0931265,kmers,0.665,-0.00446,HP1243,Blood group antigen binding adhesin BabA,0.7342657342657343,0.6781609195402298,0.05610481472550444,0.05610481472550444,0.09312646527792956,GC
26695_1319687,26695,1319687,1319687,A>T,0.00106,2.97469,kmers,0.105,0.0943,HP1243,Blood group antigen binding adhesin BabA,0.20279720279720279,0.08620689655172414,0.11659030624547864,0.11659030624547864,2.9746941347352296,GC
26695_1319610,26695,1319610,1319610,A>T,0.000257,3.59007,kmers,0.131,0.0987,HP1243,Blood group antigen binding adhesin BabA,0.07692307692307693,0.005747126436781609,0.07117595048629533,0.07117595048629533,3.5900668766687054,GC
26695_1318601,26695,1318601,1318601,A>T,0.0963,1.01637,kmers,0.1,0.051,HP1243,Blood group antigen binding adhesin BabA,0.13986013986013987,0.08045977011494253,0.05940036974519734,0.05940036974519734,1.0163737128754655,GC
26695_1319887,26695,1319887,1319887,A>T,0.783,0.106238,kmers,0.0564,0.01,HP1243,Blood group antigen binding adhesin BabA,0.07692307692307693,0.017241379310344827,0.0596816976127321,0.0596816976127321,0.10623823794205658,GC
26695_1319754,26695,1319754,1319754,A>T,3.4e-07,6.46852,kmers,0.138,0.142,HP1243,Blood group antigen binding adhesin BabA,0.21678321678321677,0.017241379310344827,0.19954183747287194,0.19954183747287194,6.468521082957745,GC
26695_1318922,26695,1318922,1318922,A>T,0.0209,1.67985,kmers,0.329,0.0472,HP1243,Blood group antigen binding adhesin BabA,0.48951048951048953,0.09195402298850575,0.3975564665219838,0.3975564665219838,1.679853713888946,GC
26695_1318412,26695,1318412,1318412,A>T,0.201,0.696804,kmers,0.129,0.0337,HP1243,Blood group antigen binding adhesin BabA,0.20279720279720279,0.040229885057471264,0.16256731773973152,0.16256731773973152,0.6968039425795111,GC
26695_1319107,26695,1319107,1319107,A>T,0.00317,2.49894,kmers,0.105,0.0898,HP1243,Blood group antigen binding adhesin BabA,0.16083916083916083,0.005747126436781609,0.15509203440237923,0.15509203440237923,2.4989407377822483,GC
26695_1319302,26695,1319302,1319302,A>T,0.134,0.872895,kmers,0.0455,0.0551,HP1243,Blood group antigen binding adhesin BabA,0.06293706293706294,0.017241379310344827,0.045695683626718116,0.045695683626718116,0.8728952016351923,GC
26695_1318672,26695,1318672,1318672,A>T,0.113,0.946922,kmers,0.0582,0.0638,HP1243,Blood group antigen binding adhesin BabA,0.07692307692307693,0.017241379310344827,0.0596816976127321,0.0596816976127321,0.9469215565165803,GC
26695_1318195,26695,1318195,1318195,A>T,0.789,0.102923,kmers,0.0745,0.00911,HP1243,Blood group antigen binding adhesin BabA,0.15384615384615385,0.09770114942528736,0.05614500442086649,0.05614500442086649,0.10292299679057967,GC
26695_1319879,26695,1319879,1319879,A>T,0.291,0.536107,kmers,0.438,0.0207,HP1243,Blood group antigen binding adhesin BabA,0.46853146853146854,0.367816091954023,0.10071537657744556,0.10071537657744556,0.5361070110140927,GC
26695_1318552,26695,1318552,1318552,A>T,0.296,0.528708,kmers,0.178,-0.0242,HP1243,Blood group antigen binding adhesin BabA,0.22377622377622378,0.09195402298850575,0.13182220078771803,0.13182220078771803,0.5287082889410615,GC
26695_1319952,26695,1319952,1319952,A>T,0.583,0.234331,kmers,0.642,0.013,HP1243,Blood group antigen binding adhesin BabA,0.5524475524475524,0.7471264367816092,-0.19467888433405678,0.19467888433405678,0.23433144524098595,NAG
26695_1318162,26695,1318162,1318162,A>T,0.952,0.0213631,kmers,0.647,-0.00108,HP1243,Blood group antigen binding adhesin BabA,0.6083916083916084,0.6206896551724138,-0.012298046780805372,0.012298046780805372,0.021363051615525673,NAG
26695_1320023,26695,1320023,1320023,A>T,0.351,0.454693,kmers,0.349,-0.0202,HP1243,Blood group antigen binding adhesin BabA,0.25874125874125875,0.4425287356321839,-0.18378747689092517,0.18378747689092517,0.4546928835341759,NAG
26695_1319593,26695,1319593,1319593,A>T,1.59e-05,4.7986,kmers,0.356,0.0885,HP1243,Blood group antigen binding adhesin BabA,0.5034965034965035,0.06321839080459771,0.44027811269190587,0.44027811269190587,4.798602875679548,GC
26695_1318100,26695,1318100,1318100,A>T,0.779,0.108463,kmers,0.0982,0.00861,HP1243,Blood group antigen binding adhesin BabA,0.09090909090909091,0.10919540229885058,-0.01828631138975967,0.01828631138975967,0.10846254232743553,NAG
26695_1319746,26695,1319746,1319746,A>T,9.87e-06,5.00568,kmers,0.135,0.125,HP1243,Blood group antigen binding adhesin BabA,0.1888111888111888,0.07471264367816093,0.11409854513302788,0.11409854513302788,5.005682847330363,GC
26695_1318920,26695,1318920,1318920,A>T,0.000416,3.38091,kmers,0.442,0.072,HP1243,Blood group antigen binding adhesin BabA,0.6503496503496503,0.10919540229885058,0.5411542480507997,0.5411542480507997,3.3809066693732572,GC
26695_1319593,26695,1319593,1319593,A>T,0.27,0.568636,kmers,0.1,0.0332,HP1243,Blood group antigen binding adhesin BabA,0.1048951048951049,0.017241379310344827,0.08765372558476006,0.08765372558476006,0.5686362358410126,GC
26695_1319704,26695,1319704,1319704,A>T,0.000772,3.11238,kmers,0.138,0.0865,HP1243,Blood group antigen binding adhesin BabA,0.24475524475524477,0.034482758620689655,0.21027248613455513,0.21027248613455513,3.112382699664264,GC
26695_1319210,26695,1319210,1319210,A>T,0.245,0.610834,kmers,0.118,0.0326,HP1243,Blood group antigen binding adhesin BabA,0.0979020979020979,0.05747126436781609,0.04043083353428181,0.04043083353428181,0.6108339156354675,GC
26695_1318236,26695,1318236,1318236,A>T,0.999,0.000434512,kmers,0.118,-4.94e-05,HP1243,Blood group antigen binding adhesin BabA,0.055944055944055944,0.1839080459770115,-0.12796399003295555,0.12796399003295555,0.0004345117740176917,NAG
26695_1317841,26695,1317841,1317841,A>T,0.54,0.267606,kmers,0.169,-0.0141,HP1243,Blood group antigen binding adhesin BabA,0.16083916083916083,0.1724137931034483,-0.011574632264287454,0.011574632264287454,0.26760624017703144,NAG
26695_1319824,26695,1319824,1319824,A>T,0.415,0.381952,kmers,0.111,0.0245,HP1243,Blood group antigen binding adhesin BabA,0.15384615384615385,0.08620689655172414,0.06763925729442971,0.06763925729442971,0.3819519032879073,GC
26695_1318597,26695,1318597,1318597,A>T,0.182,0.739929,kmers,0.0764,0.0448,HP1243,Blood group antigen binding adhesin BabA,0.1048951048951049,0.040229885057471264,0.06466521983763363,0.06466521983763363,0.7399286120149252,GC
26695_1318225,26695,1318225,1318225,A>T,0.318,0.497573,kmers,0.136,0.0267,HP1243,Blood group antigen binding adhesin BabA,0.09090909090909091,0.1896551724137931,-0.09874608150470218,0.09874608150470218,0.4975728800155673,NAG
26695_1317972,26695,1317972,1317972,A>T,0.157,0.8041,kmers,0.0855,0.0485,HP1243,Blood group antigen binding adhesin BabA,0.13986013986013987,0.04597701149425287,0.093883128365887,0.093883128365887,0.8041003475907662,GC
26695_1318180,26695,1318180,1318180,A>T,0.343,0.464706,kmers,0.173,0.0216,HP1243,Blood group antigen binding adhesin BabA,0.1958041958041958,0.16666666666666666,0.02913752913752915,0.02913752913752915,0.46470587995722945,GC
26695_1319713,26695,1319713,1319713,A>T,0.0679,1.16813,kmers,0.0945,0.0567,HP1243,Blood group antigen binding adhesin BabA,0.2097902097902098,0.05172413793103448,0.15806607185917532,0.15806607185917532,1.1681302257194983,GC
26695_1318195,26695,1318195,1318195,A>T,0.527,0.278189,kmers,0.12,0.0166,HP1243,Blood group antigen binding adhesin BabA,0.15384615384615385,0.09770114942528736,0.05614500442086649,0.05614500442086649,0.27818938478745336,GC
26695_1319602,26695,1319602,1319602,A>T,3.42e-05,4.46597,kmers,0.233,0.094,HP1243,Blood group antigen binding adhesin BabA,0.16783216783216784,0.028735632183908046,0.1390965356482598,0.1390965356482598,4.465973893943865,GC
26695_1319190,26695,1319190,1319190,A>T,0.493,0.307153,kmers,0.196,0.0146,HP1243,Blood group antigen binding adhesin BabA,0.1958041958041958,0.08045977011494253,0.11534442568925328,0.11534442568925328,0.30715308072277,GC
26695_1319938,26695,1319938,1319938,A>T,0.627,0.202732,kmers,0.196,-0.0112,HP1243,Blood group antigen binding adhesin BabA,0.14685314685314685,0.23563218390804597,-0.08877903705489912,0.08877903705489912,0.20273245916928356,NAG
26695_1318348,26695,1318348,1318348,A>T,0.119,0.924453,kmers,0.135,-0.0444,HP1243,Blood group antigen binding adhesin BabA,0.11188811188811189,0.1839080459770115,-0.0720199340888996,0.0720199340888996,0.9244530386074693,NAG
26695_1319053,26695,1319053,1319053,A>T,0.0215,1.66756,kmers,0.0582,0.0896,HP1243,Blood group antigen binding adhesin BabA,0.02097902097902098,0.04597701149425287,-0.024997990515231893,0.024997990515231893,1.6675615400843946,NAG
26695_1319575,26695,1319575,1319575,A>T,0.0174,1.75945,kmers,0.158,0.0609,HP1243,Blood group antigen binding adhesin BabA,0.46153846153846156,0.06896551724137931,0.3925729442970822,0.3925729442970822,1.7594507517174003,GC
26695_1318354,26695,1318354,1318354,A>T,0.0649,1.18776,kmers,0.164,-0.0471,HP1243,Blood group antigen binding adhesin BabA,0.11888111888111888,0.22413793103448276,-0.10525681215336388,0.10525681215336388,1.1877553031996309,NAG
26695_1319203,26695,1319203,1319203,A>T,0.00358,2.44612,kmers,0.107,0.0864,HP1243,Blood group antigen binding adhesin BabA,0.15384615384615385,0.034482758620689655,0.1193633952254642,0.1193633952254642,2.4461169733561254,GC
26695_1319684,26695,1319684,1319684,A>T,0.00133,2.87615,kmers,0.102,0.0937,HP1243,Blood group antigen binding adhesin BabA,0.13986013986013987,0.022988505747126436,0.11687163411301343,0.11687163411301343,2.876148359032914,GC
26695_1319818,26695,1319818,1319818,A>T,0.4,0.39794,kmers,0.225,0.019,HP1243,Blood group antigen binding adhesin BabA,0.20279720279720279,0.28735632183908044,-0.08455911904187766,0.08455911904187766,0.3979400086720376,NAG
26695_1317926,26695,1317926,1317926,A>T,0.509,0.293282,kmers,0.0582,-0.026,HP1243,Blood group antigen binding adhesin BabA,0.03496503496503497,0.11494252873563218,-0.07997749377059721,0.07997749377059721,0.29328221766324125,NAG
26695_1319214,26695,1319214,1319214,A>T,0.0125,1.90309,kmers,0.209,0.0599,HP1243,Blood group antigen binding adhesin BabA,0.23776223776223776,0.09195402298850575,0.14580821477373201,0.14580821477373201,1.9030899869919435,GC
26695_1318268,26695,1318268,1318268,A>T,0.4,0.39794,kmers,0.52,0.0154,HP1243,Blood group antigen binding adhesin BabA,0.5734265734265734,0.42528735632183906,0.14813921710473438,0.14813921710473438,0.3979400086720376,GC
26695_1318450,26695,1318450,1318450,A>T,0.388,0.411168,kmers,0.171,0.0205,HP1243,Blood group antigen binding adhesin BabA,0.22377622377622378,0.16666666666666666,0.05710955710955712,0.05710955710955712,0.41116827440579273,GC
26695_1318778,26695,1318778,1318778,A>T,0.482,0.316953,kmers,0.173,0.0173,HP1243,Blood group antigen binding adhesin BabA,0.2097902097902098,0.05747126436781609,0.15231894542239371,0.15231894542239371,0.31695296176115045,GC
26695_1318445,26695,1318445,1318445,A>T,0.0885,1.05306,kmers,0.28,0.0357,HP1243,Blood group antigen binding adhesin BabA,0.32867132867132864,0.2988505747126437,0.029820753958684942,0.029820753958684942,1.0530567293021746,GC
26695_1318961,26695,1318961,1318961,A>T,0.0518,1.28567,kmers,0.0709,0.0707,HP1243,Blood group antigen binding adhesin BabA,0.1048951048951049,0.028735632183908046,0.07615947271119686,0.07615947271119686,1.285670240254767,GC
26695_1319900,26695,1319900,1319900,A>T,0.546,0.262807,kmers,0.24,0.0146,HP1243,Blood group antigen binding adhesin BabA,0.22377622377622378,0.21264367816091953,0.011132545615304246,0.011132545615304246,0.2628073572952627,GC
26695_1319878,26695,1319878,1319878,A>T,0.3,0.522879,kmers,0.44,0.0203,HP1243,Blood group antigen binding adhesin BabA,0.46853146853146854,0.367816091954023,0.10071537657744556,0.10071537657744556,0.5228787452803376,GC
26695_1319959,26695,1319959,1319959,A>T,0.832,0.0798767,kmers,0.358,-0.00431,HP1243,Blood group antigen binding adhesin BabA,0.23776223776223776,0.4425287356321839,-0.20476649786994616,0.20476649786994616,0.07987667370927608,NAG
26695_1318267,26695,1318267,1318267,A>T,0.479,0.319664,kmers,0.455,0.0124,HP1243,Blood group antigen binding adhesin BabA,0.43356643356643354,0.41379310344827586,0.019773330118157684,0.019773330118157684,0.3196644865854368,GC
26695_1319207,26695,1319207,1319207,A>T,0.00102,2.9914,kmers,0.324,0.0724,HP1243,Blood group antigen binding adhesin BabA,0.3356643356643357,0.14367816091954022,0.19198617474479546,0.19198617474479546,2.9913998282380825,GC
26695_1319887,26695,1319887,1319887,A>T,0.0255,1.59346,kmers,0.238,0.0548,HP1243,Blood group antigen binding adhesin BabA,0.07692307692307693,0.017241379310344827,0.0596816976127321,0.0596816976127321,1.5934598195660448,GC
26695_1319711,26695,1319711,1319711,A>T,0.00248,2.60555,kmers,0.175,0.0754,HP1243,Blood group antigen binding adhesin BabA,0.3076923076923077,0.034482758620689655,0.27320954907161804,0.27320954907161804,2.6055483191737836,GC
26695_1320016,26695,1320016,1320016,A>T,0.227,0.643974,kmers,0.344,-0.0257,HP1243,Blood group antigen binding adhesin BabA,0.25874125874125875,0.4540229885057471,-0.19528172976448838,0.19528172976448838,0.6439741428068773,NAG
26695_1319577,26695,1319577,1319577,A>T,4.01e-10,9.39686,kmers,0.469,0.119,HP1243,Blood group antigen binding adhesin BabA,0.6713286713286714,0.11494252873563218,0.5563861425930392,0.5563861425930392,9.396855627379818,GC
26695_1318258,26695,1318258,1318258,A>T,0.724,0.140261,kmers,0.267,-0.00727,HP1243,Blood group antigen binding adhesin BabA,0.1958041958041958,0.19540229885057472,0.0004018969536210837,0.0004018969536210837,0.1402614338028531,GC
26695_1319754,26695,1319754,1319754,A>T,3.4e-07,6.46852,kmers,0.138,0.142,HP1243,Blood group antigen binding adhesin BabA,0.07692307692307693,0.06896551724137931,0.007957559681697618,0.007957559681697618,6.468521082957745,GC
26695_1319315,26695,1319315,1319315,A>T,0.00885,2.05306,kmers,0.0727,0.0921,HP1243,Blood group antigen binding adhesin BabA,0.08391608391608392,0.028735632183908046,0.055180451732175874,0.055180451732175874,2.0530567293021744,GC
26695_1318402,26695,1318402,1318402,A>T,0.469,0.328827,kmers,0.0691,0.0245,HP1243,Blood group antigen binding adhesin BabA,0.06993006993006994,0.06321839080459771,0.006711679125472228,0.006711679125472228,0.32882715728491674,GC
26695_1319074,26695,1319074,1319074,A>T,1.83e-05,4.73755,kmers,0.151,0.113,HP1243,Blood group antigen binding adhesin BabA,0.22377622377622378,0.022988505747126436,0.20078771802909734,0.20078771802909734,4.73754891026957,GC
26695_1319947,26695,1319947,1319947,A>T,0.58,0.236572,kmers,0.635,0.013,HP1243,Blood group antigen binding adhesin BabA,0.5384615384615384,0.7413793103448276,-0.2029177718832892,0.2029177718832892,0.23657200643706275,NAG
26695_1318334,26695,1318334,1318334,A>T,0.601,0.221126,kmers,0.0873,-0.0171,HP1243,Blood group antigen binding adhesin BabA,0.027972027972027972,0.09770114942528736,-0.0697291214532594,0.0697291214532594,0.22112552799726048,NAG
26695_1319920,26695,1319920,1319920,A>T,0.454,0.342944,kmers,0.32,0.0146,HP1243,Blood group antigen binding adhesin BabA,0.32867132867132864,0.3045977011494253,0.02407362752190334,0.02407362752190334,0.34294414714289606,GC
26695_1318231,26695,1318231,1318231,A>T,0.906,0.0428718,kmers,0.116,-0.00336,HP1243,Blood group antigen binding adhesin BabA,0.055944055944055944,0.1781609195402299,-0.12221686359617395,0.12221686359617395,0.042871802323186915,NAG
26695_1318463,26695,1318463,1318463,A>T,0.171,0.767004,kmers,0.165,0.0333,HP1243,Blood group antigen binding adhesin BabA,0.2517482517482518,0.10344827586206896,0.14829997588618282,0.14829997588618282,0.7670038896078462,GC
26695_1319744,26695,1319744,1319744,A>T,1.1e-05,4.95861,kmers,0.138,0.122,HP1243,Blood group antigen binding adhesin BabA,0.1958041958041958,0.07471264367816093,0.12109155212603488,0.12109155212603488,4.958607314841775,GC
26695_1317884,26695,1317884,1317884,A>T,0.614,0.211832,kmers,0.245,-0.0108,HP1243,Blood group antigen binding adhesin BabA,0.24475524475524477,0.29310344827586204,-0.04834820352061728,0.04834820352061728,0.21183162885883233,NAG
26695_1319702,26695,1319702,1319702,A>T,8.04e-07,6.09474,kmers,0.209,0.109,HP1243,Blood group antigen binding adhesin BabA,0.2867132867132867,0.08620689655172414,0.20050639016156258,0.20050639016156258,6.094743951251549,GC
26695_1319191,26695,1319191,1319191,A>T,0.432,0.364516,kmers,0.247,0.0175,HP1243,Blood group antigen binding adhesin BabA,0.24475524475524477,0.09195402298850575,0.15280122176673902,0.15280122176673902,0.3645162531850879,GC
26695_1319729,26695,1319729,1319729,A>T,0.0365,1.43771,kmers,0.0473,0.0909,HP1243,Blood group antigen binding adhesin BabA,0.09090909090909091,0.022988505747126436,0.06792058516196448,0.06792058516196448,1.4377071355435254,GC
26695_1318459,26695,1318459,1318459,A>T,0.248,0.605548,kmers,0.165,0.0279,HP1243,Blood group antigen binding adhesin BabA,0.21678321678321677,0.14367816091954022,0.07310505586367655,0.07310505586367655,0.6055483191737837,GC
26695_1319999,26695,1319999,1319999,A>T,0.348,0.458421,kmers,0.235,0.0193,HP1243,Blood group antigen binding adhesin BabA,0.27972027972027974,0.1206896551724138,0.15903062454786593,0.15903062454786593,0.4584207560534191,GC
26695_1319575,26695,1319575,1319575,A>T,6.01e-06,5.22113,kmers,0.315,0.0889,HP1243,Blood group antigen binding adhesin BabA,0.2097902097902098,0.04597701149425287,0.16381319829595692,0.16381319829595692,5.221125527997261,GC
26695_1319197,26695,1319197,1319197,A>T,0.379,0.421361,kmers,0.182,0.0237,HP1243,Blood group antigen binding adhesin BabA,0.07692307692307693,0.011494252873563218,0.06542882404951371,0.06542882404951371,0.42136079003192767,GC
26695_1317880,26695,1317880,1317880,A>T,0.966,0.0150229,kmers,0.0491,0.00187,HP1243,Blood group antigen binding adhesin BabA,0.04895104895104895,0.028735632183908046,0.020215416767140906,0.020215416767140906,0.015022873584506671,GC
26695_1318776,26695,1318776,1318776,A>T,0.449,0.347754,kmers,0.135,0.0201,HP1243,Blood group antigen binding adhesin BabA,0.1888111888111888,0.034482758620689655,0.15432843019049913,0.15432843019049913,0.3477536589966768,GC
26695_1318349,26695,1318349,1318349,A>T,0.117,0.931814,kmers,0.211,-0.0369,HP1243,Blood group antigen binding adhesin BabA,0.14685314685314685,0.29310344827586204,-0.1462503014227152,0.1462503014227152,0.9318141382538383,NAG
26695_1319962,26695,1319962,1319962,A>T,0.309,0.510042,kmers,0.587,-0.0191,HP1243,Blood group antigen binding adhesin BabA,0.5594405594405595,0.5172413793103449,0.04219918013021462,0.04219918013021462,0.5100415205751654,GC
26695_1318618,26695,1318618,1318618,A>T,0.319,0.496209,kmers,0.0673,0.0369,HP1243,Blood group antigen binding adhesin BabA,0.08391608391608392,0.06321839080459771,0.020697693111486212,0.020697693111486212,0.4962093169428189,GC
26695_1319225,26695,1319225,1319225,A>T,0.00413,2.38405,kmers,0.0691,0.102,HP1243,Blood group antigen binding adhesin BabA,0.06293706293706294,0.05172413793103448,0.011212925006028461,0.011212925006028461,2.384049948343599,GC
26695_1318968,26695,1318968,1318968,A>T,0.00141,2.85078,kmers,0.109,0.0933,HP1243,Blood group antigen binding adhesin BabA,0.18181818181818182,0.040229885057471264,0.14158829676071055,0.14158829676071055,2.85078088734462,GC
26695_1318595,26695,1318595,1318595,A>T,0.17,0.769551,kmers,0.0764,0.0458,HP1243,Blood group antigen binding adhesin BabA,0.1048951048951049,0.040229885057471264,0.06466521983763363,0.06466521983763363,0.769551078621726,GC
26695_1319210,26695,1319210,1319210,A>T,0.245,0.610834,kmers,0.118,0.0326,HP1243,Blood group antigen binding adhesin BabA,0.24475524475524477,0.08045977011494253,0.16429547464030225,0.16429547464030225,0.6108339156354675,GC
26695_1319815,26695,1319815,1319815,A>T,0.44,0.356547,kmers,0.162,-0.0194,HP1243,Blood group antigen binding adhesin BabA,0.07692307692307693,0.06321839080459771,0.01370468611847922,0.01370468611847922,0.3565473235138126,GC
26695_1319707,26695,1319707,1319707,A>T,0.00921,2.03574,kmers,0.0855,0.0862,HP1243,Blood group antigen binding adhesin BabA,0.18181818181818182,0.022988505747126436,0.1588296760710554,0.1588296760710554,2.0357403698031513,GC
26695_1319589,26695,1319589,1319589,A>T,1.49e-06,5.82681,kmers,0.445,0.0972,HP1243,Blood group antigen binding adhesin BabA,0.6083916083916084,0.09770114942528736,0.510690458966321,0.510690458966321,5.826813731587726,GC
26695_1319220,26695,1319220,1319220,A>T,0.000956,3.01954,kmers,0.255,0.0702,HP1243,Blood group antigen binding adhesin BabA,0.2937062937062937,0.1206896551724138,0.17301663853387989,0.17301663853387989,3.0195421077239,GC
26695_1319699,26695,1319699,1319699,A>T,8.04e-07,6.09474,kmers,0.209,0.109,HP1243,Blood group antigen binding adhesin BabA,0.2867132867132867,0.08620689655172414,0.20050639016156258,0.20050639016156258,6.094743951251549,GC
26695_1319707,26695,1319707,1319707,A>T,0.00921,2.03574,kmers,0.0855,0.0862,HP1243,Blood group antigen binding adhesin BabA,0.14685314685314685,0.011494252873563218,0.13535889397958362,0.13535889397958362,2.0357403698031513,GC
26695_1317916,26695,1317916,1317916,A>T,0.367,0.435334,kmers,0.271,-0.0185,HP1243,Blood group antigen binding adhesin BabA,0.24475524475524477,0.3390804597701149,-0.09432521501487015,0.09432521501487015,0.4353339357479107,NAG
26695_1318924,26695,1318924,1318924,A>T,0.408,0.38934,kmers,0.0818,0.0266,HP1243,Blood group antigen binding adhesin BabA,0.14685314685314685,0.017241379310344827,0.12961176754280201,0.12961176754280201,0.3893398369101201,GC
26695_1319743,26695,1319743,1319743,A>T,2.27e-05,4.64397,kmers,0.115,0.129,HP1243,Blood group antigen binding adhesin BabA,0.15384615384615385,0.06321839080459771,0.09062776304155615,0.09062776304155615,4.6439741428068775,GC
26695_1319305,26695,1319305,1319305,A>T,0.202,0.694649,kmers,0.0418,0.0474,HP1243,Blood group antigen binding adhesin BabA,0.06293706293706294,0.022988505747126436,0.03994855718993651,0.03994855718993651,0.6946486305533762,GC
26695_1318964,26695,1318964,1318964,A>T,0.0394,1.4045,kmers,0.0727,0.0734,HP1243,Blood group antigen binding adhesin BabA,0.1048951048951049,0.022988505747126436,0.08190659914797846,0.08190659914797846,1.4045037781744258,GC
26695_1319065,26695,1319065,1319065,A>T,0.366,0.436519,kmers,0.0618,0.0322,HP1243,Blood group antigen binding adhesin BabA,0.055944055944055944,0.028735632183908046,0.0272084237601479,0.0272084237601479,0.43651891460558934,GC
26695_1319699,26695,1319699,1319699,A>T,8.04e-07,6.09474,kmers,0.209,0.109,HP1243,Blood group antigen binding adhesin BabA,0.09090909090909091,0.011494252873563218,0.0794148380355277,0.0794148380355277,6.094743951251549,GC
26695_1319759,26695,1319759,1319759,A>T,2.8e-07,6.55284,kmers,0.133,0.144,HP1243,Blood group antigen binding adhesin BabA,0.22377622377622378,0.017241379310344827,0.20653484446587894,0.20653484446587894,6.552841968657781,GC
26695_1320027,26695,1320027,1320027,A>T,0.141,0.850781,kmers,0.309,-0.0328,HP1243,Blood group antigen binding adhesin BabA,0.2517482517482518,0.40229885057471265,-0.15055059882646088,0.15055059882646088,0.8507808873446201,NAG
26695_1319060,26695,1319060,1319060,A>T,3.08e-05,4.51145,kmers,0.235,0.0894,HP1243,Blood group antigen binding adhesin BabA,0.2727272727272727,0.1206896551724138,0.1520376175548589,0.1520376175548589,4.511449283499556,GC
26695_1318258,26695,1318258,1318258,A>T,0.153,0.815309,kmers,0.189,0.0331,HP1243,Blood group antigen binding adhesin BabA,0.1958041958041958,0.25287356321839083,-0.05706936741419502,0.05706936741419502,0.8153085691824012,NAG
26695_1318504,26695,1318504,1318504,A>T,0.963,0.0163737,kmers,0.344,-0.000951,HP1243,Blood group antigen binding adhesin BabA,0.2867132867132867,0.3850574712643678,-0.09834418455108107,0.09834418455108107,0.0163737128754655,NAG
26695_1319707,26695,1319707,1319707,A>T,0.216,0.665546,kmers,0.0964,0.036,HP1243,Blood group antigen binding adhesin BabA,0.14685314685314685,0.011494252873563218,0.13535889397958362,0.13535889397958362,0.6655462488490691,GC
26695_1319723,26695,1319723,1319723,A>T,0.0308,1.51145,kmers,0.0491,0.0908,HP1243,Blood group antigen binding adhesin BabA,0.09090909090909091,0.028735632183908046,0.062173458725182866,0.062173458725182866,1.5114492834995557,GC
26695_1319921,26695,1319921,1319921,A>T,0.902,0.0447935,kmers,0.425,0.0022,HP1243,Blood group antigen binding adhesin BabA,0.42657342657342656,0.41954022988505746,0.007033196688369103,0.007033196688369103,0.04479346245805826,GC
26695_1319875,26695,1319875,1319875,A>T,0.018,1.74473,kmers,0.189,0.0574,HP1243,Blood group antigen binding adhesin BabA,0.26573426573426573,0.040229885057471264,0.22550438067679446,0.22550438067679446,1.744727494896694,GC
26695_1318636,26695,1318636,1318636,A>T,0.199,0.701147,kmers,0.244,0.028,HP1243,Blood group antigen binding adhesin BabA,0.22377622377622378,0.1724137931034483,0.05136243067277549,0.05136243067277549,0.7011469235902933,GC
26695_1319602,26695,1319602,1319602,A>T,0.742,0.129596,kmers,0.122,0.00893,HP1243,Blood group antigen binding adhesin BabA,0.16783216783216784,0.028735632183908046,0.1390965356482598,0.1390965356482598,0.12959609472097294,GC
26695_1318321,26695,1318321,1318321,A>T,0.105,0.978811,kmers,0.0636,0.0586,HP1243,Blood group antigen binding adhesin BabA,0.06293706293706294,0.06896551724137931,-0.006028454304316366,0.006028454304316366,0.978810700930062,NAG
26695_1319738,26695,1319738,1319738,A>T,0.000418,3.37882,kmers,0.111,0.109,HP1243,Blood group antigen binding adhesin BabA,0.13286713286713286,0.07471264367816093,0.05815448918897194,0.05815448918897194,3.378823718224965,GC
26695_1319215,26695,1319215,1319215,A>T,0.0107,1.97062,kmers,0.207,0.0614,HP1243,Blood group antigen binding adhesin BabA,0.23776223776223776,0.08620689655172414,0.15155534121051362,0.15155534121051362,1.9706162223147903,GC
26695_1319707,26695,1319707,1319707,A>T,0.216,0.665546,kmers,0.0964,0.036,HP1243,Blood group antigen binding adhesin BabA,0.18181818181818182,0.022988505747126436,0.1588296760710554,0.1588296760710554,0.6655462488490691,GC
26695_1319197,26695,1319197,1319197,A>T,0.213,0.67162,kmers,0.0455,0.0495,HP1243,Blood group antigen binding adhesin BabA,0.07692307692307693,0.011494252873563218,0.06542882404951371,0.06542882404951371,0.6716203965612623,GC
26695_1319944,26695,1319944,1319944,A>T,0.172,0.764472,kmers,0.515,0.0277,HP1243,Blood group antigen binding adhesin BabA,0.46853146853146854,0.5862068965517241,-0.11767542802025555,0.11767542802025555,0.7644715530924511,NAG
26695_1319576,26695,1319576,1319576,A>T,3.53e-10,9.45223,kmers,0.471,0.119,HP1243,Blood group antigen binding adhesin BabA,0.6713286713286714,0.11494252873563218,0.5563861425930392,0.5563861425930392,9.452225294612177,GC
26695_1319594,26695,1319594,1319594,A>T,8.14e-06,5.08938,kmers,0.356,0.0919,HP1243,Blood group antigen binding adhesin BabA,0.5104895104895105,0.05747126436781609,0.45301824612169445,0.45301824612169445,5.089375595110798,GC
26695_1318924,26695,1318924,1318924,A>T,0.408,0.38934,kmers,0.0818,0.0266,HP1243,Blood group antigen binding adhesin BabA,0.34965034965034963,0.07471264367816093,0.2749377059721887,0.2749377059721887,0.3893398369101201,GC
26695_1320003,26695,1320003,1320003,A>T,0.395,0.403403,kmers,0.233,0.0175,HP1243,Blood group antigen binding adhesin BabA,0.2727272727272727,0.1206896551724138,0.1520376175548589,0.1520376175548589,0.40340290437353976,GC
26695_1318406,26695,1318406,1318406,A>T,0.309,0.510042,kmers,0.0673,0.0346,HP1243,Blood group antigen binding adhesin BabA,0.09090909090909091,0.017241379310344827,0.07366771159874608,0.07366771159874608,0.5100415205751654,GC
26695_1319755,26695,1319755,1319755,A>T,2.47e-07,6.6073,kmers,0.131,0.145,HP1243,Blood group antigen binding adhesin BabA,0.21678321678321677,0.017241379310344827,0.19954183747287194,0.19954183747287194,6.607303046740334,GC
26695_1319595,26695,1319595,1319595,A>T,1.09e-05,4.96257,kmers,0.362,0.09,HP1243,Blood group antigen binding adhesin BabA,0.5174825174825175,0.06896551724137931,0.44851700024113816,0.44851700024113816,4.962573502059376,GC
26695_1318273,26695,1318273,1318273,A>T,0.918,0.0371573,kmers,0.211,0.00245,HP1243,Blood group antigen binding adhesin BabA,0.17482517482517482,0.28735632183908044,-0.11253114701390562,0.11253114701390562,0.03715731879875755,NAG
26695_1317848,26695,1317848,1317848,A>T,0.563,0.249492,kmers,0.0982,0.0167,HP1243,Blood group antigen binding adhesin BabA,0.13286713286713286,0.05172413793103448,0.08114299493609839,0.08114299493609839,0.24949160514865382,GC
26695_1319581,26695,1319581,1319581,A>T,3.54e-11,10.451,kmers,0.522,0.128,HP1243,Blood group antigen binding adhesin BabA,0.7272727272727273,0.14942528735632185,0.5778474399164054,0.5778474399164054,10.450996737974211,GC
26695_1319978,26695,1319978,1319978,A>T,0.791,0.101824,kmers,0.504,-0.00478,HP1243,Blood group antigen binding adhesin BabA,0.48951048951048953,0.43103448275862066,0.05847600675186887,0.05847600675186887,0.10182351650232342,GC
26695_1318289,26695,1318289,1318289,A>T,0.508,0.294136,kmers,0.542,0.0131,HP1243,Blood group antigen binding adhesin BabA,0.5034965034965035,0.5977011494252874,-0.09420464592878386,0.09420464592878386,0.29413628771608075,NAG
26695_1318190,26695,1318190,1318190,A>T,0.492,0.308035,kmers,0.195,0.0147,HP1243,Blood group antigen binding adhesin BabA,0.1958041958041958,0.1781609195402299,0.017643276263965918,0.017643276263965918,0.30803489723263966,GC
26695_1320015,26695,1320015,1320015,A>T,0.042,1.37675,kmers,0.256,-0.0446,HP1243,Blood group antigen binding adhesin BabA,0.15384615384615385,0.40804597701149425,-0.2541998231653404,0.2541998231653404,1.3767507096020994,NAG
26695_1319586,26695,1319586,1319586,A>T,8.99e-07,6.04624,kmers,0.458,0.0993,HP1243,Blood group antigen binding adhesin BabA,0.6503496503496503,0.10919540229885058,0.5411542480507997,0.5411542480507997,6.046240308266771,GC
26695_1318437,26695,1318437,1318437,A>T,0.104,0.982967,kmers,0.353,0.033,HP1243,Blood group antigen binding adhesin BabA,0.18181818181818182,0.20689655172413793,-0.025078369905956105,0.025078369905956105,0.9829666607012196,NAG
26695_1319570,26695,1319570,1319570,A>T,1.35e-05,4.86967,kmers,0.305,0.0862,HP1243,Blood group antigen binding adhesin BabA,0.43356643356643354,0.06896551724137931,0.3646009163250542,0.3646009163250542,4.869666231504994,GC
26695_1319476,26695,1319476,1319476,A>T,0.045,1.34679,kmers,0.0491,0.083,HP1243,Blood group antigen binding adhesin BabA,0.09090909090909091,0.040229885057471264,0.05067920585161965,0.05067920585161965,1.3467874862246563,GC
26695_1319761,26695,1319761,1319761,A>T,3.5e-06,5.45593,kmers,0.124,0.133,HP1243,Blood group antigen binding adhesin BabA,0.20279720279720279,0.017241379310344827,0.18555582348685795,0.18555582348685795,5.455931955649724,GC
26695_1319324,26695,1319324,1319324,A>T,0.00456,2.34104,kmers,0.0782,0.0978,HP1243,Blood group antigen binding adhesin BabA,0.11188811188811189,0.017241379310344827,0.09464673257776707,0.09464673257776707,2.341035157335565,GC
26695_1319754,26695,1319754,1319754,A>T,0.0517,1.28651,kmers,0.0673,0.0731,HP1243,Blood group antigen binding adhesin BabA,0.07692307692307693,0.06896551724137931,0.007957559681697618,0.007957559681697618,1.2865094569060576,GC
26695_1317881,26695,1317881,1317881,A>T,0.905,0.0433514,kmers,0.342,0.00218,HP1243,Blood group antigen binding adhesin BabA,0.35664335664335667,0.3448275862068966,0.011815770436460094,0.011815770436460094,0.043351420794796675,GC
26695_1319314,26695,1319314,1319314,A>T,0.0102,1.9914,kmers,0.0727,0.0907,HP1243,Blood group antigen binding adhesin BabA,0.08391608391608392,0.028735632183908046,0.055180451732175874,0.055180451732175874,1.9913998282380825,GC
26695_1318470,26695,1318470,1318470,A>T,0.877,0.0570004,kmers,0.0727,-0.00548,HP1243,Blood group antigen binding adhesin BabA,0.055944055944055944,0.08620689655172414,-0.0302628406076682,0.0302628406076682,0.05700040663395948,NAG
26695_1318556,26695,1318556,1318556,A>T,0.41,0.387216,kmers,0.215,-0.0179,HP1243,Blood group antigen binding adhesin BabA,0.27972027972027974,0.11494252873563218,0.16477775098464756,0.16477775098464756,0.38721614328026455,GC
26695_1318921,26695,1318921,1318921,A>T,0.0213,1.67162,kmers,0.333,0.0468,HP1243,Blood group antigen binding adhesin BabA,0.48951048951048953,0.09195402298850575,0.3975564665219838,0.3975564665219838,1.6716203965612624,GC
26695_1318336,26695,1318336,1318336,A>T,0.612,0.213249,kmers,0.0855,-0.0168,HP1243,Blood group antigen binding adhesin BabA,0.04195804195804196,0.09770114942528736,-0.0557431074672454,0.0557431074672454,0.21324857785443882,NAG
26695_1318571,26695,1318571,1318571,A>T,0.911,0.0404816,kmers,0.127,0.00308,HP1243,Blood group antigen binding adhesin BabA,0.13286713286713286,0.08620689655172414,0.04666023631540872,0.04666023631540872,0.040481623027001735,GC
26695_1319908,26695,1319908,1319908,A>T,0.619,0.208309,kmers,0.262,0.0116,HP1243,Blood group antigen binding adhesin BabA,0.26573426573426573,0.25862068965517243,0.007113576079093298,0.007113576079093298,0.208309350979882,GC
26695_1319075,26695,1319075,1319075,A>T,3.21e-05,4.49349,kmers,0.142,0.112,HP1243,Blood group antigen binding adhesin BabA,0.21678321678321677,0.022988505747126436,0.19379471103609033,0.19379471103609033,4.493494967595128,GC
26695_1318411,26695,1318411,1318411,A>T,0.201,0.696804,kmers,0.129,0.0337,HP1243,Blood group antigen binding adhesin BabA,0.20279720279720279,0.040229885057471264,0.16256731773973152,0.16256731773973152,0.6968039425795111,GC
26695_1319213,26695,1319213,1319213,A>T,0.00709,2.14935,kmers,0.211,0.0647,HP1243,Blood group antigen binding adhesin BabA,0.2517482517482518,0.08045977011494253,0.17128848163330923,0.17128848163330923,2.1493537648169334,GC
26695_1319955,26695,1319955,1319955,A>T,0.849,0.0710923,kmers,0.551,-0.00411,HP1243,Blood group antigen binding adhesin BabA,0.4195804195804196,0.6839080459770115,-0.2643276263965919,0.2643276263965919,0.07109230975604734,NAG
26695_1318273,26695,1318273,1318273,A>T,0.632,0.199283,kmers,0.0727,0.017,HP1243,Blood group antigen binding adhesin BabA,0.04195804195804196,0.08620689655172414,-0.044248854593682184,0.044248854593682184,0.19928292171761497,NAG
26695_1317912,26695,1317912,1317912,A>T,0.021,1.67778,kmers,0.138,-0.0634,HP1243,Blood group antigen binding adhesin BabA,0.14685314685314685,0.20114942528735633,-0.05429627843420948,0.05429627843420948,1.6777807052660807,NAG
26695_1319815,26695,1319815,1319815,A>T,0.00384,2.41567,kmers,0.0709,0.103,HP1243,Blood group antigen binding adhesin BabA,0.14685314685314685,0.22413793103448276,-0.07728478418133591,0.07728478418133591,2.415668775632469,NAG
26695_1320030,26695,1320030,1320030,A>T,0.212,0.673664,kmers,0.305,-0.0276,HP1243,Blood group antigen binding adhesin BabA,0.2517482517482518,0.39080459770114945,-0.13905634595289768,0.13905634595289768,0.6736641390712486,NAG
26695_1317901,26695,1317901,1317901,A>T,0.225,0.647817,kmers,0.0509,-0.05,HP1243,Blood group antigen binding adhesin BabA,0.07692307692307693,0.05172413793103448,0.025198938992042445,0.025198938992042445,0.6478174818886375,GC
26695_1319933,26695,1319933,1319933,A>T,0.882,0.0545314,kmers,0.178,-0.00356,HP1243,Blood group antigen binding adhesin BabA,0.14685314685314685,0.1896551724137931,-0.042802025560646245,0.042802025560646245,0.054531414868180264,NAG
26695_1319969,26695,1319969,1319969,A>T,0.301,0.521434,kmers,0.58,-0.0194,HP1243,Blood group antigen binding adhesin BabA,0.5734265734265734,0.5057471264367817,0.06767944698979178,0.06767944698979178,0.5214335044061567,GC
26695_1319325,26695,1319325,1319325,A>T,0.000632,3.19928,kmers,0.0782,0.118,HP1243,Blood group antigen binding adhesin BabA,0.1258741258741259,0.011494252873563218,0.11437987300056267,0.11437987300056267,3.199282921717615,GC
26695_1319687,26695,1319687,1319687,A>T,0.827,0.0824945,kmers,0.184,0.0049,HP1243,Blood group antigen binding adhesin BabA,0.20279720279720279,0.08620689655172414,0.11659030624547864,0.11659030624547864,0.08249449044745336,GC
26695_1319604,26695,1319604,1319604,A>T,4.07e-05,4.39041,kmers,0.215,0.0958,HP1243,Blood group antigen binding adhesin BabA,0.2937062937062937,0.034482758620689655,0.25922353508560403,0.25922353508560403,4.39040559077478,GC
26695_1319171,26695,1319171,1319171,A>T,0.386,0.413413,kmers,0.0455,0.0394,HP1243,Blood group antigen binding adhesin BabA,0.04195804195804196,0.017241379310344827,0.024716662647697132,0.024716662647697132,0.41341269532824504,GC
26695_1319050,26695,1319050,1319050,A>T,0.911,0.0404816,kmers,0.0709,-0.00383,HP1243,Blood group antigen binding adhesin BabA,0.1958041958041958,0.04597701149425287,0.14982718430994293,0.14982718430994293,0.040481623027001735,GC
26695_1318976,26695,1318976,1318976,A>T,0.00111,2.95468,kmers,0.0691,0.121,HP1243,Blood group antigen binding adhesin BabA,0.11188811188811189,0.022988505747126436,0.08889960614098545,0.08889960614098545,2.9546770212133424,GC
26695_1318019,26695,1318019,1318019,A>T,0.328,0.484126,kmers,0.196,-0.0224,HP1243,Blood group antigen binding adhesin BabA,0.1888111888111888,0.19540229885057472,-0.006591110039385922,0.006591110039385922,0.4841261562883209,NAG
26695_1319960,26695,1319960,1319960,A>T,0.534,0.272459,kmers,0.249,-0.0169,HP1243,Blood group antigen binding adhesin BabA,0.34965034965034963,0.08620689655172414,0.2634434530986255,0.2634434530986255,0.27245874297144357,GC
26695_1318272,26695,1318272,1318272,A>T,0.545,0.263603,kmers,0.644,0.011,HP1243,Blood group antigen binding adhesin BabA,0.7062937062937062,0.5689655172413793,0.1373281890523269,0.1373281890523269,0.2636034977233575,GC
26695_1318819,26695,1318819,1318819,A>T,0.0262,1.5817,kmers,0.182,0.0555,HP1243,Blood group antigen binding adhesin BabA,0.2097902097902098,0.06321839080459771,0.14657181898561208,0.14657181898561208,1.5816987086802545,GC
26695_1318558,26695,1318558,1318558,A>T,0.597,0.224026,kmers,0.205,-0.0117,HP1243,Blood group antigen binding adhesin BabA,0.2727272727272727,0.10344827586206896,0.16927899686520376,0.16927899686520376,0.22402566887063094,GC
26695_1318546,26695,1318546,1318546,A>T,0.803,0.0952845,kmers,0.0491,0.0104,HP1243,Blood group antigen binding adhesin BabA,0.2867132867132867,0.14367816091954022,0.1430351257937465,0.1430351257937465,0.09528445472131904,GC
26695_1318534,26695,1318534,1318534,A>T,0.234,0.630784,kmers,0.0745,0.045,HP1243,Blood group antigen binding adhesin BabA,0.09090909090909091,0.034482758620689655,0.05642633228840126,0.05642633228840126,0.6307841425898572,GC
26695_1319050,26695,1319050,1319050,A>T,0.911,0.0404816,kmers,0.0709,-0.00383,HP1243,Blood group antigen binding adhesin BabA,0.08391608391608392,0.022988505747126436,0.06092757816895748,0.06092757816895748,0.040481623027001735,GC
26695_1318096,26695,1318096,1318096,A>T,0.697,0.156767,kmers,0.0582,-0.0149,HP1243,Blood group antigen binding adhesin BabA,0.04195804195804196,0.08045977011494253,-0.03850172815690057,0.03850172815690057,0.1567672219019906,NAG
26695_1319687,26695,1319687,1319687,A>T,0.827,0.0824945,kmers,0.184,0.0049,HP1243,Blood group antigen binding adhesin BabA,0.14685314685314685,0.022988505747126436,0.12386464110602041,0.12386464110602041,0.08249449044745336,GC
26695_1319063,26695,1319063,1319063,A>T,3.39e-06,5.4698,kmers,0.225,0.101,HP1243,Blood group antigen binding adhesin BabA,0.25874125874125875,0.11494252873563218,0.14379873000562657,0.14379873000562657,5.4698003017969175,GC
26695_1319698,26695,1319698,1319698,A>T,0.00234,2.63078,kmers,0.0909,0.0926,HP1243,Blood group antigen binding adhesin BabA,0.16783216783216784,0.07471264367816093,0.09311952415400691,0.09311952415400691,2.630784142589857,GC
26695_1319479,26695,1319479,1319479,A>T,0.0827,1.08249,kmers,0.0618,0.0634,HP1243,Blood group antigen binding adhesin BabA,0.11188811188811189,0.05172413793103448,0.060163973957077406,0.060163973957077406,1.0824944904474534,GC
26695_1318295,26695,1318295,1318295,A>T,0.176,0.754487,kmers,0.273,0.0286,HP1243,Blood group antigen binding adhesin BabA,0.2937062937062937,0.25862068965517243,0.035085604051121266,0.035085604051121266,0.7544873321858502,GC
26695_1318186,26695,1318186,1318186,A>T,0.616,0.210419,kmers,0.211,0.0103,HP1243,Blood group antigen binding adhesin BabA,0.20279720279720279,0.19540229885057472,0.007394903946628062,0.007394903946628062,0.21041928783557454,GC
26695_1318885,26695,1318885,1318885,A>T,2.78e-05,4.55596,kmers,0.0618,0.164,HP1243,Blood group antigen binding adhesin BabA,0.1048951048951049,0.011494252873563218,0.09340085202154168,0.09340085202154168,4.555955204081924,GC
26695_1318883,26695,1318883,1318883,A>T,0.000863,3.06399,kmers,0.0564,0.137,HP1243,Blood group antigen binding adhesin BabA,0.0979020979020979,0.011494252873563218,0.08640784502853469,0.08640784502853469,3.0639892042847903,GC
26695_1318632,26695,1318632,1318632,A>T,0.295,0.530178,kmers,0.242,0.0226,HP1243,Blood group antigen binding adhesin BabA,0.2517482517482518,0.22988505747126436,0.021863194276987408,0.021863194276987408,0.530177984021837,GC
26695_1318258,26695,1318258,1318258,A>T,0.724,0.140261,kmers,0.267,-0.00727,HP1243,Blood group antigen binding adhesin BabA,0.1958041958041958,0.25287356321839083,-0.05706936741419502,0.05706936741419502,0.1402614338028531,NAG
26695_1318816,26695,1318816,1318816,A>T,0.103,0.987163,kmers,0.171,0.0409,HP1243,Blood group antigen binding adhesin BabA,0.20279720279720279,0.06896551724137931,0.13383168555582348,0.13383168555582348,0.9871627752948278,GC
26695_1319949,26695,1319949,1319949,A>T,0.58,0.236572,kmers,0.635,0.013,HP1243,Blood group antigen binding adhesin BabA,0.5384615384615384,0.7413793103448276,-0.2029177718832892,0.2029177718832892,0.23657200643706275,NAG
26695_1318258,26695,1318258,1318258,A>T,0.153,0.815309,kmers,0.189,0.0331,HP1243,Blood group antigen binding adhesin BabA,0.1958041958041958,0.19540229885057472,0.0004018969536210837,0.0004018969536210837,0.8153085691824012,GC
26695_1319322,26695,1319322,1319322,A>T,0.00358,2.44612,kmers,0.0745,0.103,HP1243,Blood group antigen binding adhesin BabA,0.11188811188811189,0.017241379310344827,0.09464673257776707,0.09464673257776707,2.4461169733561254,GC
26695_1318111,26695,1318111,1318111,A>T,0.109,0.962574,kmers,0.344,0.0303,HP1243,Blood group antigen binding adhesin BabA,0.42657342657342656,0.19540229885057472,0.23117112772285184,0.23117112772285184,0.9625735020593764,GC
26695_1317854,26695,1317854,1317854,A>T,0.66,0.180456,kmers,0.06,0.0154,HP1243,Blood group antigen binding adhesin BabA,0.06293706293706294,0.040229885057471264,0.02270717787959168,0.02270717787959168,0.1804560644581313,GC
26695_1317932,26695,1317932,1317932,A>T,0.747,0.126679,kmers,0.211,0.00741,HP1243,Blood group antigen binding adhesin BabA,0.1888111888111888,0.27586206896551724,-0.08705088015432844,0.08705088015432844,0.12667939818460122,NAG
26695_1319574,26695,1319574,1319574,A>T,4.98e-06,5.30277,kmers,0.307,0.0894,HP1243,Blood group antigen binding adhesin BabA,0.44755244755244755,0.06896551724137931,0.37858693031106827,0.37858693031106827,5.302770657240282,GC
26695_1319909,26695,1319909,1319909,A>T,0.619,0.208309,kmers,0.262,0.0116,HP1243,Blood group antigen binding adhesin BabA,0.26573426573426573,0.25862068965517243,0.007113576079093298,0.007113576079093298,0.208309350979882,GC
26695_1318437,26695,1318437,1318437,A>T,0.187,0.728158,kmers,0.175,0.0335,HP1243,Blood group antigen binding adhesin BabA,0.43356643356643354,0.3218390804597701,0.11172735310666343,0.11172735310666343,0.7281583934635011,GC
26695_1318826,26695,1318826,1318826,A>T,0.0231,1.63639,kmers,0.0764,0.0811,HP1243,Blood group antigen binding adhesin BabA,0.0979020979020979,0.017241379310344827,0.08066071859175308,0.08066071859175308,1.6363880201078558,GC
26695_1318195,26695,1318195,1318195,A>T,0.527,0.278189,kmers,0.12,0.0166,HP1243,Blood group antigen binding adhesin BabA,0.04195804195804196,0.08045977011494253,-0.03850172815690057,0.03850172815690057,0.27818938478745336,NAG
26695_1318646,26695,1318646,1318646,A>T,0.00349,2.45717,kmers,0.115,0.0859,HP1243,Blood group antigen binding adhesin BabA,0.16083916083916083,0.04597701149425287,0.11486214934490796,0.11486214934490796,2.45717457304082,GC
26695_1319982,26695,1319982,1319982,A>T,0.754,0.122629,kmers,0.5,-0.00563,HP1243,Blood group antigen binding adhesin BabA,0.4825174825174825,0.43103448275862066,0.051482999758861836,0.051482999758861836,0.12262865413022594,GC
26695_1318643,26695,1318643,1318643,A>T,0.00349,2.45717,kmers,0.115,0.0859,HP1243,Blood group antigen binding adhesin BabA,0.16083916083916083,0.04597701149425287,0.11486214934490796,0.11486214934490796,2.45717457304082,GC
26695_1318232,26695,1318232,1318232,A>T,0.384,0.415669,kmers,0.0582,-0.0346,HP1243,Blood group antigen binding adhesin BabA,0.055944055944055944,0.07471264367816093,-0.01876858773410498,0.01876858773410498,0.4156687756324692,NAG
26695_1320011,26695,1320011,1320011,A>T,0.217,0.66354,kmers,0.271,0.0244,HP1243,Blood group antigen binding adhesin BabA,0.3706293706293706,0.13793103448275862,0.232698336146612,0.232698336146612,0.6635402661514705,GC
26695_1318414,26695,1318414,1318414,A>T,0.334,0.476254,kmers,0.125,0.0258,HP1243,Blood group antigen binding adhesin BabA,0.20279720279720279,0.040229885057471264,0.16256731773973152,0.16256731773973152,0.4762535331884355,GC
26695_1318967,26695,1318967,1318967,A>T,0.00129,2.88941,kmers,0.111,0.0934,HP1243,Blood group antigen binding adhesin BabA,0.06293706293706294,0.0,0.06293706293706294,0.06293706293706294,2.889410289700751,GC
26695_1317931,26695,1317931,1317931,A>T,0.601,0.221126,kmers,0.0509,-0.0219,HP1243,Blood group antigen binding adhesin BabA,0.03496503496503497,0.09195402298850575,-0.05698898802347078,0.05698898802347078,0.22112552799726048,NAG
26695_1319218,26695,1319218,1319218,A>T,0.000452,3.34486,kmers,0.253,0.0808,HP1243,Blood group antigen binding adhesin BabA,0.2867132867132867,0.1206896551724138,0.1660236315408729,0.1660236315408729,3.344861565188618,GC
26695_1319708,26695,1319708,1319708,A>T,0.00303,2.51856,kmers,0.18,0.0733,HP1243,Blood group antigen binding adhesin BabA,0.32867132867132864,0.034482758620689655,0.294188570050639,0.294188570050639,2.5185573714976948,GC
26695_1318924,26695,1318924,1318924,A>T,0.0527,1.27819,kmers,0.251,0.042,HP1243,Blood group antigen binding adhesin BabA,0.14685314685314685,0.017241379310344827,0.12961176754280201,0.12961176754280201,1.2781893847874535,GC
26695_1318546,26695,1318546,1318546,A>T,0.306,0.514279,kmers,0.231,-0.0222,HP1243,Blood group antigen binding adhesin BabA,0.08391608391608392,0.034482758620689655,0.049433325295394265,0.049433325295394265,0.51427857351842,GC
26695_1319216,26695,1319216,1319216,A>T,0.000452,3.34486,kmers,0.253,0.0808,HP1243,Blood group antigen binding adhesin BabA,0.2867132867132867,0.1206896551724138,0.1660236315408729,0.1660236315408729,3.344861565188618,GC
26695_1320013,26695,1320013,1320013,A>T,0.217,0.66354,kmers,0.271,0.0244,HP1243,Blood group antigen binding adhesin BabA,0.3706293706293706,0.13793103448275862,0.232698336146612,0.232698336146612,0.6635402661514705,GC
26695_1319065,26695,1319065,1319065,A>T,0.135,0.869666,kmers,0.115,0.0388,HP1243,Blood group antigen binding adhesin BabA,0.17482517482517482,0.022988505747126436,0.15183666907804838,0.15183666907804838,0.8696662315049939,GC
26695_1319195,26695,1319195,1319195,A>T,0.149,0.826814,kmers,0.231,0.0326,HP1243,Blood group antigen binding adhesin BabA,0.23776223776223776,0.10344827586206896,0.1343139619001688,0.1343139619001688,0.826813731587726,GC
26695_1319974,26695,1319974,1319974,A>T,0.538,0.269218,kmers,0.595,-0.0116,HP1243,Blood group antigen binding adhesin BabA,0.5944055944055944,0.5172413793103449,0.07716421509524951,0.07716421509524951,0.2692177243336108,GC
26695_1318967,26695,1318967,1318967,A>T,0.00129,2.88941,kmers,0.111,0.0934,HP1243,Blood group antigen binding adhesin BabA,0.1888111888111888,0.040229885057471264,0.14858130375371753,0.14858130375371753,2.889410289700751,GC
26695_1318966,26695,1318966,1318966,A>T,0.0112,1.95078,kmers,0.0964,0.0766,HP1243,Blood group antigen binding adhesin BabA,0.16083916083916083,0.017241379310344827,0.143597781528816,0.143597781528816,1.9507819773298183,GC
26695_1319564,26695,1319564,1319564,A>T,0.0254,1.59517,kmers,0.193,0.0483,HP1243,Blood group antigen binding adhesin BabA,0.2727272727272727,0.05172413793103448,0.22100313479623823,0.22100313479623823,1.595166283380062,GC
26695_1317865,26695,1317865,1317865,A>T,0.216,0.665546,kmers,0.649,-0.0244,HP1243,Blood group antigen binding adhesin BabA,0.6433566433566433,0.6379310344827587,0.0054256088738846575,0.0054256088738846575,0.6655462488490691,GC
26695_1319713,26695,1319713,1319713,A>T,0.0679,1.16813,kmers,0.0945,0.0567,HP1243,Blood group antigen binding adhesin BabA,0.13286713286713286,0.06321839080459771,0.06964874206253516,0.06964874206253516,1.1681302257194983,GC
26695_1319197,26695,1319197,1319197,A>T,0.379,0.421361,kmers,0.182,0.0237,HP1243,Blood group antigen binding adhesin BabA,0.14685314685314685,0.09195402298850575,0.0548991238646411,0.0548991238646411,0.42136079003192767,GC
26695_1319988,26695,1319988,1319988,A>T,0.363,0.440093,kmers,0.169,0.022,HP1243,Blood group antigen binding adhesin BabA,0.1958041958041958,0.07471264367816093,0.12109155212603488,0.12109155212603488,0.4400933749638875,GC
26695_1319899,26695,1319899,1319899,A>T,0.538,0.269218,kmers,0.238,0.0149,HP1243,Blood group antigen binding adhesin BabA,0.21678321678321677,0.21264367816091953,0.00413953862229724,0.00413953862229724,0.2692177243336108,GC
26695_1319065,26695,1319065,1319065,A>T,0.366,0.436519,kmers,0.0618,0.0322,HP1243,Blood group antigen binding adhesin BabA,0.16083916083916083,0.07471264367816093,0.08612651716099991,0.08612651716099991,0.43651891460558934,GC
26695_1319221,26695,1319221,1319221,A>T,0.744,0.128427,kmers,0.0964,0.0103,HP1243,Blood group antigen binding adhesin BabA,0.17482517482517482,0.10344827586206896,0.07137689896310585,0.07137689896310585,0.1284270644541213,GC
26695_1319963,26695,1319963,1319963,A>T,0.328,0.484126,kmers,0.596,-0.0185,HP1243,Blood group antigen binding adhesin BabA,0.5804195804195804,0.5172413793103449,0.06317820110923555,0.06317820110923555,0.4841261562883209,GC
26695_1318973,26695,1318973,1318973,A>T,0.00134,2.8729,kmers,0.0964,0.101,HP1243,Blood group antigen binding adhesin BabA,0.16783216783216784,0.028735632183908046,0.1390965356482598,0.1390965356482598,2.8728952016351923,GC
26695_1318288,26695,1318288,1318288,A>T,0.786,0.104577,kmers,0.484,-0.00516,HP1243,Blood group antigen binding adhesin BabA,0.43356643356643354,0.5804597701149425,-0.146893336548509,0.146893336548509,0.10457745396059209,NAG
26695_1319714,26695,1319714,1319714,A>T,0.0414,1.383,kmers,0.0964,0.0629,HP1243,Blood group antigen binding adhesin BabA,0.1258741258741259,0.06321839080459771,0.06265573506952818,0.06265573506952818,1.3829996588791011,GC
26695_1318432,26695,1318432,1318432,A>T,0.258,0.58838,kmers,0.1,0.0322,HP1243,Blood group antigen binding adhesin BabA,0.06293706293706294,0.07471264367816093,-0.011775580741097982,0.011775580741097982,0.5883802940367698,NAG
26695_1319593,26695,1319593,1319593,A>T,1.59e-05,4.7986,kmers,0.356,0.0885,HP1243,Blood group antigen binding adhesin BabA,0.1048951048951049,0.017241379310344827,0.08765372558476006,0.08765372558476006,4.798602875679548,GC
26695_1319728,26695,1319728,1319728,A>T,0.036,1.4437,kmers,0.0455,0.0931,HP1243,Blood group antigen binding adhesin BabA,0.08391608391608392,0.022988505747126436,0.06092757816895748,0.06092757816895748,1.4436974992327127,GC
26695_1319108,26695,1319108,1319108,A>T,0.0017,2.76955,kmers,0.12,0.0913,HP1243,Blood group antigen binding adhesin BabA,0.17482517482517482,0.005747126436781609,0.16907804838839322,0.16907804838839322,2.769551078621726,GC
26695_1319956,26695,1319956,1319956,A>T,0.794,0.100179,kmers,0.547,-0.00563,HP1243,Blood group antigen binding adhesin BabA,0.4125874125874126,0.6839080459770115,-0.2713206333895989,0.2713206333895989,0.10017949757290372,NAG
26695_1319881,26695,1319881,1319881,A>T,0.34,0.468521,kmers,0.425,0.0187,HP1243,Blood group antigen binding adhesin BabA,0.44755244755244755,0.3620689655172414,0.08548348203520617,0.08548348203520617,0.46852108295774486,GC
26695_1319713,26695,1319713,1319713,A>T,0.451,0.345823,kmers,0.0673,-0.0266,HP1243,Blood group antigen binding adhesin BabA,0.2097902097902098,0.05172413793103448,0.15806607185917532,0.15806607185917532,0.34582345812203946,GC
26695_1318273,26695,1318273,1318273,A>T,0.632,0.199283,kmers,0.0727,0.017,HP1243,Blood group antigen binding adhesin BabA,0.17482517482517482,0.28735632183908044,-0.11253114701390562,0.11253114701390562,0.19928292171761497,NAG
26695_1319954,26695,1319954,1319954,A>T,0.931,0.0310503,kmers,0.538,-0.00184,HP1243,Blood group antigen binding adhesin BabA,0.4195804195804196,0.6609195402298851,-0.2413391206494655,0.2413391206494655,0.031050319018657353,NAG
26695_1318090,26695,1318090,1318090,A>T,0.551,0.258848,kmers,0.0564,-0.0227,HP1243,Blood group antigen binding adhesin BabA,0.03496503496503497,0.06321839080459771,-0.02825335583956274,0.02825335583956274,0.2588484011482149,NAG
26695_1320020,26695,1320020,1320020,A>T,0.351,0.454693,kmers,0.349,-0.0202,HP1243,Blood group antigen binding adhesin BabA,0.25874125874125875,0.4425287356321839,-0.18378747689092517,0.18378747689092517,0.4546928835341759,NAG
26695_1318273,26695,1318273,1318273,A>T,0.918,0.0371573,kmers,0.211,0.00245,HP1243,Blood group antigen binding adhesin BabA,0.04195804195804196,0.08620689655172414,-0.044248854593682184,0.044248854593682184,0.03715731879875755,NAG
26695_1318291,26695,1318291,1318291,A>T,0.151,0.821023,kmers,0.262,0.0306,HP1243,Blood group antigen binding adhesin BabA,0.2867132867132867,0.2413793103448276,0.04533397636845912,0.04533397636845912,0.8210230527068306,GC
26695_1318334,26695,1318334,1318334,A>T,0.601,0.221126,kmers,0.0873,-0.0171,HP1243,Blood group antigen binding adhesin BabA,0.04195804195804196,0.09770114942528736,-0.0557431074672454,0.0557431074672454,0.22112552799726048,NAG
26695_1318770,26695,1318770,1318770,A>T,0.556,0.254925,kmers,0.0945,0.0179,HP1243,Blood group antigen binding adhesin BabA,0.14685314685314685,0.028735632183908046,0.11811751466923881,0.11811751466923881,0.2549252084179425,GC
26695_1318315,26695,1318315,1318315,A>T,0.374,0.427128,kmers,0.0582,0.0346,HP1243,Blood group antigen binding adhesin BabA,0.06293706293706294,0.05747126436781609,0.005465798569246852,0.005465798569246852,0.42712839779951983,GC
26695_1319695,26695,1319695,1319695,A>T,0.000924,3.03433,kmers,0.1,0.0965,HP1243,Blood group antigen binding adhesin BabA,0.14685314685314685,0.011494252873563218,0.13535889397958362,0.13535889397958362,3.0343280287798935,GC
26695_1318825,26695,1318825,1318825,A>T,0.0106,1.97469,kmers,0.171,0.0659,HP1243,Blood group antigen binding adhesin BabA,0.2097902097902098,0.05172413793103448,0.15806607185917532,0.15806607185917532,1.9746941347352298,GC
26695_1319172,26695,1319172,1319172,A>T,0.386,0.413413,kmers,0.0455,0.0394,HP1243,Blood group antigen binding adhesin BabA,0.04195804195804196,0.017241379310344827,0.024716662647697132,0.024716662647697132,0.41341269532824504,GC
26695_1318196,26695,1318196,1318196,A>T,0.501,0.300162,kmers,0.122,0.0175,HP1243,Blood group antigen binding adhesin BabA,0.16083916083916083,0.09770114942528736,0.06313801141387347,0.06313801141387347,0.30016227413275426,GC
26695_1319713,26695,1319713,1319713,A>T,0.451,0.345823,kmers,0.0673,-0.0266,HP1243,Blood group antigen binding adhesin BabA,0.03496503496503497,0.08620689655172414,-0.051241861586689176,0.051241861586689176,0.34582345812203946,NAG
26695_1318049,26695,1318049,1318049,A>T,0.322,0.492144,kmers,0.164,0.0256,HP1243,Blood group antigen binding adhesin BabA,0.1958041958041958,0.11494252873563218,0.08086166706856363,0.08086166706856363,0.4921441283041691,GC
26695_1318432,26695,1318432,1318432,A>T,0.204,0.69037,kmers,0.0691,-0.0451,HP1243,Blood group antigen binding adhesin BabA,0.18181818181818182,0.022988505747126436,0.1588296760710554,0.1588296760710554,0.6903698325741012,GC
26695_1318655,26695,1318655,1318655,A>T,0.00365,2.43771,kmers,0.158,0.0747,HP1243,Blood group antigen binding adhesin BabA,0.21678321678321677,0.06896551724137931,0.14781769954183746,0.14781769954183746,2.4377071355435254,GC
26695_1319950,26695,1319950,1319950,A>T,0.577,0.238824,kmers,0.636,0.0131,HP1243,Blood group antigen binding adhesin BabA,0.5454545454545454,0.7413793103448276,-0.1959247648902822,0.1959247648902822,0.2388241868442686,NAG
26695_1318166,26695,1318166,1318166,A>T,0.0495,1.30539,kmers,0.829,0.0459,HP1243,Blood group antigen binding adhesin BabA,0.8671328671328671,0.7816091954022989,0.08552367173056818,0.08552367173056818,1.3053948010664314,GC
26695_1318437,26695,1318437,1318437,A>T,0.187,0.728158,kmers,0.175,0.0335,HP1243,Blood group antigen binding adhesin BabA,0.18181818181818182,0.20689655172413793,-0.025078369905956105,0.025078369905956105,0.7281583934635011,NAG
26695_1318322,26695,1318322,1318322,A>T,0.397,0.401209,kmers,0.1,0.0252,HP1243,Blood group antigen binding adhesin BabA,0.08391608391608392,0.13218390804597702,-0.0482678241298931,0.0482678241298931,0.40120949323688493,NAG
26695_1318917,26695,1318917,1318917,A>T,0.0065,2.18709,kmers,0.393,0.0552,HP1243,Blood group antigen binding adhesin BabA,0.6013986013986014,0.09770114942528736,0.503697451973314,0.503697451973314,2.1870866433571443,GC
26695_1317905,26695,1317905,1317905,A>T,0.206,0.686133,kmers,0.175,-0.0318,HP1243,Blood group antigen binding adhesin BabA,0.24475524475524477,0.1781609195402299,0.06659432521501488,0.06659432521501488,0.6861327796308466,GC
26695_1319584,26695,1319584,1319584,A>T,0.0022,2.65758,kmers,0.0818,0.107,HP1243,Blood group antigen binding adhesin BabA,0.6293706293706294,0.10344827586206896,0.5259223535085604,0.5259223535085604,2.657577319177794,GC
26695_1319053,26695,1319053,1319053,A>T,0.0215,1.66756,kmers,0.0582,0.0896,HP1243,Blood group antigen binding adhesin BabA,0.2937062937062937,0.08620689655172414,0.20749939715456955,0.20749939715456955,1.6675615400843946,GC
26695_1319902,26695,1319902,1319902,A>T,0.546,0.262807,kmers,0.24,0.0146,HP1243,Blood group antigen binding adhesin BabA,0.22377622377622378,0.21264367816091953,0.011132545615304246,0.011132545615304246,0.2628073572952627,GC
26695_1318165,26695,1318165,1318165,A>T,0.0899,1.04624,kmers,0.224,0.0349,HP1243,Blood group antigen binding adhesin BabA,0.3076923076923077,0.19540229885057472,0.11229000884173299,0.11229000884173299,1.0462403082667713,GC
26695_1318167,26695,1318167,1318167,A>T,0.0495,1.30539,kmers,0.829,0.0459,HP1243,Blood group antigen binding adhesin BabA,0.8671328671328671,0.7816091954022989,0.08552367173056818,0.08552367173056818,1.3053948010664314,GC
26695_1319208,26695,1319208,1319208,A>T,0.00102,2.9914,kmers,0.324,0.0724,HP1243,Blood group antigen binding adhesin BabA,0.3356643356643357,0.14367816091954022,0.19198617474479546,0.19198617474479546,2.9913998282380825,GC
26695_1319209,26695,1319209,1319209,A>T,0.0012,2.92082,kmers,0.318,0.0717,HP1243,Blood group antigen binding adhesin BabA,0.32867132867132864,0.13793103448275862,0.19074029418857003,0.19074029418857003,2.9208187539523753,GC
26695_1318334,26695,1318334,1318334,A>T,0.529,0.276544,kmers,0.0655,-0.0235,HP1243,Blood group antigen binding adhesin BabA,0.027972027972027972,0.09770114942528736,-0.0697291214532594,0.0697291214532594,0.2765443279648142,NAG
26695_1319967,26695,1319967,1319967,A>T,0.328,0.484126,kmers,0.595,-0.0185,HP1243,Blood group antigen binding adhesin BabA,0.5804195804195804,0.5114942528735632,0.06892532754601721,0.06892532754601721,0.4841261562883209,GC
26695_1319994,26695,1319994,1319994,A>T,0.346,0.460924,kmers,0.229,0.0195,HP1243,Blood group antigen binding adhesin BabA,0.2727272727272727,0.10919540229885058,0.16353187042842213,0.16353187042842213,0.46092390120722343,GC
26695_1319716,26695,1319716,1319716,A>T,0.0414,1.383,kmers,0.0945,0.0639,HP1243,Blood group antigen binding adhesin BabA,0.11888111888111888,0.06321839080459771,0.05566272807652117,0.05566272807652117,1.3829996588791011,GC
26695_1318440,26695,1318440,1318440,A>T,0.884,0.0535477,kmers,0.0509,-0.00642,HP1243,Blood group antigen binding adhesin BabA,0.027972027972027972,0.040229885057471264,-0.012257857085443292,0.012257857085443292,0.05354773498692691,NAG
26695_1317851,26695,1317851,1317851,A>T,0.484,0.315155,kmers,0.0673,0.0235,HP1243,Blood group antigen binding adhesin BabA,0.07692307692307693,0.040229885057471264,0.036693191865605664,0.036693191865605664,0.31515463835558755,GC
26695_1319593,26695,1319593,1319593,A>T,0.27,0.568636,kmers,0.1,0.0332,HP1243,Blood group antigen binding adhesin BabA,0.5034965034965035,0.06321839080459771,0.44027811269190587,0.44027811269190587,0.5686362358410126,GC
26695_1319686,26695,1319686,1319686,A>T,0.00148,2.82974,kmers,0.104,0.092,HP1243,Blood group antigen binding adhesin BabA,0.13986013986013987,0.022988505747126436,0.11687163411301343,0.11687163411301343,2.8297382846050425,GC
26695_1318102,26695,1318102,1318102,A>T,0.96,0.0177288,kmers,0.08,0.00168,HP1243,Blood group antigen binding adhesin BabA,0.06993006993006994,0.09195402298850575,-0.02202395305843581,0.02202395305843581,0.017728766960431602,NAG
26695_1319487,26695,1319487,1319487,A>T,0.139,0.856985,kmers,0.0582,0.0574,HP1243,Blood group antigen binding adhesin BabA,0.08391608391608392,0.04597701149425287,0.03793907242183105,0.03793907242183105,0.8569851997459049,GC
26695_1317857,26695,1317857,1317857,A>T,0.842,0.0746879,kmers,0.4,0.00421,HP1243,Blood group antigen binding adhesin BabA,0.5384615384615384,0.2988505747126437,0.23961096374889473,0.23961096374889473,0.07468790850035051,GC
26695_1319748,26695,1319748,1319748,A>T,6.85e-06,5.16431,kmers,0.136,0.127,HP1243,Blood group antigen binding adhesin BabA,0.1888111888111888,0.07471264367816093,0.11409854513302788,0.11409854513302788,5.164309428507575,GC
26695_1319053,26695,1319053,1319053,A>T,0.000679,3.16813,kmers,0.204,0.0751,HP1243,Blood group antigen binding adhesin BabA,0.2937062937062937,0.08620689655172414,0.20749939715456955,0.20749939715456955,3.1681302257194983,GC
26695_1319941,26695,1319941,1319941,A>T,0.602,0.220404,kmers,0.202,-0.0119,HP1243,Blood group antigen binding adhesin BabA,0.14685314685314685,0.2413793103448276,-0.09452616349168075,0.09452616349168075,0.22040350874217546,NAG
26695_1319815,26695,1319815,1319815,A>T,0.44,0.356547,kmers,0.162,-0.0194,HP1243,Blood group antigen binding adhesin BabA,0.14685314685314685,0.22413793103448276,-0.07728478418133591,0.07728478418133591,0.3565473235138126,NAG
26695_1319683,26695,1319683,1319683,A>T,0.00213,2.67162,kmers,0.0982,0.0909,HP1243,Blood group antigen binding adhesin BabA,0.13286713286713286,0.022988505747126436,0.10987862712000643,0.10987862712000643,2.6716203965612624,GC
26695_1317840,26695,1317840,1317840,A>T,0.588,0.230623,kmers,0.171,-0.0124,HP1243,Blood group antigen binding adhesin BabA,0.16783216783216784,0.1724137931034483,-0.004581625271280448,0.004581625271280448,0.23062267392386154,NAG
26695_1319054,26695,1319054,1319054,A>T,6.86e-06,5.16368,kmers,0.26,0.0942,HP1243,Blood group antigen binding adhesin BabA,0.3146853146853147,0.13218390804597702,0.18250140663933767,0.18250140663933767,5.163675884293248,GC
26695_1319320,26695,1319320,1319320,A>T,0.00746,2.12726,kmers,0.0855,0.0879,HP1243,Blood group antigen binding adhesin BabA,0.11888111888111888,0.028735632183908046,0.09014548669721084,0.09014548669721084,2.1272611725273314,GC
26695_1319061,26695,1319061,1319061,A>T,3.03e-05,4.51856,kmers,0.236,0.0894,HP1243,Blood group antigen binding adhesin BabA,0.2727272727272727,0.1206896551724138,0.1520376175548589,0.1520376175548589,4.518557371497695,GC
26695_1320026,26695,1320026,1320026,A>T,0.136,0.866461,kmers,0.311,-0.0332,HP1243,Blood group antigen binding adhesin BabA,0.2517482517482518,0.40804597701149425,-0.15629772526324248,0.15629772526324248,0.8664610916297825,NAG
26695_1319065,26695,1319065,1319065,A>T,0.000146,3.83565,kmers,0.142,0.103,HP1243,Blood group antigen binding adhesin BabA,0.055944055944055944,0.028735632183908046,0.0272084237601479,0.0272084237601479,3.835647144215563,GC
26695_1319699,26695,1319699,1319699,A>T,0.0569,1.24489,kmers,0.0418,0.0893,HP1243,Blood group antigen binding adhesin BabA,0.09090909090909091,0.011494252873563218,0.0794148380355277,0.0794148380355277,1.2448877336049289,GC
26695_1319483,26695,1319483,1319483,A>T,0.0129,1.88941,kmers,0.0891,0.0819,HP1243,Blood group antigen binding adhesin BabA,0.13286713286713286,0.06321839080459771,0.06964874206253516,0.06964874206253516,1.889410289700751,GC
26695_1319926,26695,1319926,1319926,A>T,0.889,0.0510982,kmers,0.182,-0.00331,HP1243,Blood group antigen binding adhesin BabA,0.15384615384615385,0.1896551724137931,-0.03580901856763924,0.03580901856763924,0.0510982390297863,NAG
26695_1319565,26695,1319565,1319565,A>T,0.00478,2.32057,kmers,0.196,0.0608,HP1243,Blood group antigen binding adhesin BabA,0.06293706293706294,0.005747126436781609,0.057189936500281334,0.057189936500281334,2.3205721033878812,GC
26695_1319752,26695,1319752,1319752,A>T,3.78e-08,7.42251,kmers,0.198,0.13,HP1243,Blood group antigen binding adhesin BabA,0.26573426573426573,0.08620689655172414,0.17952736918254159,0.17952736918254159,7.422508200162775,GC
26695_1319062,26695,1319062,1319062,A>T,2.59e-06,5.5867,kmers,0.222,0.103,HP1243,Blood group antigen binding adhesin BabA,0.25874125874125875,0.10919540229885058,0.14954585644240817,0.14954585644240817,5.586700235918748,GC
26695_1319069,26695,1319069,1319069,A>T,9.82e-07,6.00789,kmers,0.193,0.115,HP1243,Blood group antigen binding adhesin BabA,0.2727272727272727,0.04597701149425287,0.22675026123301983,0.22675026123301983,6.00788851221305,GC
26695_1319751,26695,1319751,1319751,A>T,0.00831,2.0804,kmers,0.0782,0.0893,HP1243,Blood group antigen binding adhesin BabA,0.2867132867132867,0.10344827586206896,0.18326501085121777,0.18326501085121777,2.080398976215889,GC
26695_1319321,26695,1319321,1319321,A>T,0.00293,2.53313,kmers,0.0764,0.104,HP1243,Blood group antigen binding adhesin BabA,0.11888111888111888,0.017241379310344827,0.10163973957077405,0.10163973957077405,2.5331323796458904,GC
26695_1319754,26695,1319754,1319754,A>T,0.0517,1.28651,kmers,0.0673,0.0731,HP1243,Blood group antigen binding adhesin BabA,0.21678321678321677,0.017241379310344827,0.19954183747287194,0.19954183747287194,1.2865094569060576,GC
26695_1318826,26695,1318826,1318826,A>T,0.506,0.295849,kmers,0.0782,0.0237,HP1243,Blood group antigen binding adhesin BabA,0.09090909090909091,0.028735632183908046,0.062173458725182866,0.062173458725182866,0.2958494831602009,GC
26695_1319918,26695,1319918,1319918,A>T,0.592,0.227678,kmers,0.122,-0.0146,HP1243,Blood group antigen binding adhesin BabA,0.13286713286713286,0.11494252873563218,0.017924604131500682,0.017924604131500682,0.22767829327708025,GC
26695_1319141,26695,1319141,1319141,A>T,0.0388,1.41117,kmers,0.0673,0.0768,HP1243,Blood group antigen binding adhesin BabA,0.0979020979020979,0.011494252873563218,0.08640784502853469,0.08640784502853469,1.4111682744057927,GC
26695_1319977,26695,1319977,1319977,A>T,0.802,0.0958256,kmers,0.5,-0.00451,HP1243,Blood group antigen binding adhesin BabA,0.48951048951048953,0.42528735632183906,0.06422313318865047,0.06422313318865047,0.09582563171583647,GC
26695_1319566,26695,1319566,1319566,A>T,0.000445,3.35164,kmers,0.256,0.0706,HP1243,Blood group antigen binding adhesin BabA,0.38461538461538464,0.05747126436781609,0.32714412024756856,0.32714412024756856,3.3516399890190685,GC
26695_1319571,26695,1319571,1319571,A>T,1.35e-05,4.86967,kmers,0.305,0.0862,HP1243,Blood group antigen binding adhesin BabA,0.43356643356643354,0.06896551724137931,0.3646009163250542,0.3646009163250542,4.869666231504994,GC
26695_1318924,26695,1318924,1318924,A>T,0.0527,1.27819,kmers,0.251,0.042,HP1243,Blood group antigen binding adhesin BabA,0.34965034965034963,0.07471264367816093,0.2749377059721887,0.2749377059721887,1.2781893847874535,GC
26695_1317895,26695,1317895,1317895,A>T,0.74,0.130768,kmers,0.164,0.0081,HP1243,Blood group antigen binding adhesin BabA,0.2097902097902098,0.15517241379310345,0.05461779599710634,0.05461779599710634,0.13076828026902382,GC
26695_1318181,26695,1318181,1318181,A>T,0.293,0.533132,kmers,0.189,0.0228,HP1243,Blood group antigen binding adhesin BabA,0.1958041958041958,0.1839080459770115,0.011896149827184316,0.011896149827184316,0.5331323796458906,GC
26695_1318046,26695,1318046,1318046,A>T,0.641,0.193142,kmers,0.207,-0.011,HP1243,Blood group antigen binding adhesin BabA,0.1958041958041958,0.29310344827586204,-0.09729925247166624,0.09729925247166624,0.19314197048118256,NAG
26695_1318823,26695,1318823,1318823,A>T,0.0103,1.98716,kmers,0.175,0.0656,HP1243,Blood group antigen binding adhesin BabA,0.2097902097902098,0.05747126436781609,0.15231894542239371,0.15231894542239371,1.9871627752948278,GC
26695_1319602,26695,1319602,1319602,A>T,0.742,0.129596,kmers,0.122,0.00893,HP1243,Blood group antigen binding adhesin BabA,0.32167832167832167,0.034482758620689655,0.287195563057632,0.287195563057632,0.12959609472097294,GC
26695_1319575,26695,1319575,1319575,A>T,6.01e-06,5.22113,kmers,0.315,0.0889,HP1243,Blood group antigen binding adhesin BabA,0.46153846153846156,0.06896551724137931,0.3925729442970822,0.3925729442970822,5.221125527997261,GC
26695_1319957,26695,1319957,1319957,A>T,0.842,0.0746879,kmers,0.555,-0.00432,HP1243,Blood group antigen binding adhesin BabA,0.4125874125874126,0.6896551724137931,-0.27706775982638054,0.27706775982638054,0.07468790850035051,NAG
26695_1317871,26695,1317871,1317871,A>T,0.725,0.139662,kmers,0.502,-0.00632,HP1243,Blood group antigen binding adhesin BabA,0.40559440559440557,0.5689655172413793,-0.16337111164697377,0.16337111164697377,0.13966199342900631,NAG
26695_1318827,26695,1318827,1318827,A>T,0.0258,1.58838,kmers,0.0727,0.0809,HP1243,Blood group antigen binding adhesin BabA,0.0979020979020979,0.017241379310344827,0.08066071859175308,0.08066071859175308,1.58838029403677,GC
26695_1320017,26695,1320017,1320017,A>T,0.354,0.450997,kmers,0.356,-0.0195,HP1243,Blood group antigen binding adhesin BabA,0.26573426573426573,0.4540229885057471,-0.1882887227714814,0.1882887227714814,0.4509967379742122,NAG
26695_1318610,26695,1318610,1318610,A>T,0.136,0.866461,kmers,0.169,0.0387,HP1243,Blood group antigen binding adhesin BabA,0.21678321678321677,0.11494252873563218,0.10184068804758459,0.10184068804758459,0.8664610916297825,GC
26695_1319713,26695,1319713,1319713,A>T,0.304,0.517126,kmers,0.144,0.0261,HP1243,Blood group antigen binding adhesin BabA,0.2097902097902098,0.05172413793103448,0.15806607185917532,0.15806607185917532,0.5171264163912462,GC
26695_1319065,26695,1319065,1319065,A>T,0.366,0.436519,kmers,0.0618,0.0322,HP1243,Blood group antigen binding adhesin BabA,0.17482517482517482,0.022988505747126436,0.15183666907804838,0.15183666907804838,0.43651891460558934,GC
26695_1319477,26695,1319477,1319477,A>T,0.0843,1.07417,kmers,0.0727,0.0574,HP1243,Blood group antigen binding adhesin BabA,0.13986013986013987,0.05172413793103448,0.0881360019291054,0.0881360019291054,1.0741724253752576,GC
26695_1319135,26695,1319135,1319135,A>T,0.0337,1.47237,kmers,0.0745,0.0767,HP1243,Blood group antigen binding adhesin BabA,0.1048951048951049,0.011494252873563218,0.09340085202154168,0.09340085202154168,1.4723700991286615,GC
26695_1319579,26695,1319579,1319579,A>T,4.26e-11,10.3706,kmers,0.518,0.127,HP1243,Blood group antigen binding adhesin BabA,0.7132867132867133,0.14942528735632185,0.5638614259303915,0.5638614259303915,10.370590400897282,GC
26695_1317907,26695,1317907,1317907,A>T,0.0884,1.05355,kmers,0.153,-0.0444,HP1243,Blood group antigen binding adhesin BabA,0.1888111888111888,0.1781609195402299,0.010650269270958912,0.010650269270958912,1.0535477349869269,GC
26695_1318343,26695,1318343,1318343,A>T,0.878,0.0565055,kmers,0.109,-0.00457,HP1243,Blood group antigen binding adhesin BabA,0.06293706293706294,0.10344827586206896,-0.04051121292500602,0.04051121292500602,0.05650548409389743,NAG
26695_1318263,26695,1318263,1318263,A>T,0.763,0.117475,kmers,0.473,0.00543,HP1243,Blood group antigen binding adhesin BabA,0.42657342657342656,0.47126436781609193,-0.04469094124266537,0.04469094124266537,0.11747546204511952,NAG
26695_1318240,26695,1318240,1318240,A>T,0.437,0.359519,kmers,0.216,0.0173,HP1243,Blood group antigen binding adhesin BabA,0.21678321678321677,0.13793103448275862,0.07885218230045815,0.07885218230045815,0.3595185630295782,GC
26695_1319326,26695,1319326,1319326,A>T,0.000573,3.24185,kmers,0.0764,0.12,HP1243,Blood group antigen binding adhesin BabA,0.1258741258741259,0.011494252873563218,0.11437987300056267,0.11437987300056267,3.24184537803261,GC
26695_1318499,26695,1318499,1318499,A>T,0.0429,1.36754,kmers,0.0691,-0.071,HP1243,Blood group antigen binding adhesin BabA,0.04895104895104895,0.10919540229885058,-0.06024435334780163,0.06024435334780163,1.3675427078152758,NAG
26695_1317934,26695,1317934,1317934,A>T,0.503,0.298432,kmers,0.185,0.0161,HP1243,Blood group antigen binding adhesin BabA,0.16783216783216784,0.2413793103448276,-0.07354714251265976,0.07354714251265976,0.2984320149440726,NAG
26695_1318546,26695,1318546,1318546,A>T,0.803,0.0952845,kmers,0.0491,0.0104,HP1243,Blood group antigen binding adhesin BabA,0.08391608391608392,0.034482758620689655,0.049433325295394265,0.049433325295394265,0.09528445472131904,GC
26695_1318253,26695,1318253,1318253,A>T,0.893,0.0491485,kmers,0.396,0.00253,HP1243,Blood group antigen binding adhesin BabA,0.3986013986013986,0.3103448275862069,0.08825657101519169,0.08825657101519169,0.049148541111453566,GC
26695_1319731,26695,1319731,1319731,A>T,0.0309,1.51004,kmers,0.0455,0.0971,HP1243,Blood group antigen binding adhesin BabA,0.08391608391608392,0.022988505747126436,0.06092757816895748,0.06092757816895748,1.5100415205751654,GC
26695_1319713,26695,1319713,1319713,A>T,0.304,0.517126,kmers,0.144,0.0261,HP1243,Blood group antigen binding adhesin BabA,0.13286713286713286,0.06321839080459771,0.06964874206253516,0.06964874206253516,0.5171264163912462,GC
26695_1319751,26695,1319751,1319751,A>T,0.00831,2.0804,kmers,0.0782,0.0893,HP1243,Blood group antigen binding adhesin BabA,0.1048951048951049,0.034482758620689655,0.07041234627441524,0.07041234627441524,2.080398976215889,GC
26695_1319696,26695,1319696,1319696,A>T,0.000539,3.26841,kmers,0.104,0.1,HP1243,Blood group antigen binding adhesin BabA,0.16083916083916083,0.011494252873563218,0.14934490796559763,0.14934490796559763,3.2684112348132612,GC
26695_1319194,26695,1319194,1319194,A>T,0.149,0.826814,kmers,0.231,0.0326,HP1243,Blood group antigen binding adhesin BabA,0.23776223776223776,0.10344827586206896,0.1343139619001688,0.1343139619001688,0.826813731587726,GC
26695_1319718,26695,1319718,1319718,A>T,0.0327,1.48545,kmers,0.0455,0.0942,HP1243,Blood group antigen binding adhesin BabA,0.08391608391608392,0.022988505747126436,0.06092757816895748,0.06092757816895748,1.485452247339714,GC
26695_1319056,26695,1319056,1319056,A>T,2.92e-05,4.53462,kmers,0.231,0.0898,HP1243,Blood group antigen binding adhesin BabA,0.26573426573426573,0.12643678160919541,0.13929748412507031,0.13929748412507031,4.534617148551582,GC
26695_1319200,26695,1319200,1319200,A>T,0.381,0.419075,kmers,0.18,0.0238,HP1243,Blood group antigen binding adhesin BabA,0.13986013986013987,0.09195402298850575,0.047906116871634125,0.047906116871634125,0.4190750243243807,GC
26695_1319055,26695,1319055,1319055,A>T,1.03e-05,4.98716,kmers,0.255,0.0928,HP1243,Blood group antigen binding adhesin BabA,0.3006993006993007,0.13218390804597702,0.16851539265332366,0.16851539265332366,4.987162775294828,GC
26695_1319068,26695,1319068,1319068,A>T,1.73e-06,5.76195,kmers,0.213,0.11,HP1243,Blood group antigen binding adhesin BabA,0.2867132867132867,0.05172413793103448,0.23498914878225224,0.23498914878225224,5.761953896871205,GC
26695_1318400,26695,1318400,1318400,A>T,0.402,0.395774,kmers,0.211,0.0197,HP1243,Blood group antigen binding adhesin BabA,0.2097902097902098,0.2471264367816092,-0.03733622699139941,0.03733622699139941,0.3957739469155299,NAG
26695_1318106,26695,1318106,1318106,A>T,0.113,0.946922,kmers,0.345,0.0298,HP1243,Blood group antigen binding adhesin BabA,0.42657342657342656,0.20114942528735633,0.22542400128607024,0.22542400128607024,0.9469215565165803,GC
26695_1318421,26695,1318421,1318421,A>T,0.223,0.651695,kmers,0.136,0.0324,HP1243,Blood group antigen binding adhesin BabA,0.22377622377622378,0.040229885057471264,0.1835463387187525,0.1835463387187525,0.6516951369518393,GC
26695_1319224,26695,1319224,1319224,A>T,0.0238,1.62342,kmers,0.0873,0.0645,HP1243,Blood group antigen binding adhesin BabA,0.07692307692307693,0.06321839080459771,0.01370468611847922,0.01370468611847922,1.623423042943488,GC
26695_1319309,26695,1319309,1319309,A>T,0.00214,2.66959,kmers,0.0782,0.107,HP1243,Blood group antigen binding adhesin BabA,0.1048951048951049,0.017241379310344827,0.08765372558476006,0.08765372558476006,2.669586226650809,GC
26695_1319587,26695,1319587,1319587,A>T,9.31e-07,6.03105,kmers,0.449,0.099,HP1243,Blood group antigen binding adhesin BabA,0.6223776223776224,0.09770114942528736,0.524676472952335,0.524676472952335,6.031050319018657,GC
26695_1317883,26695,1317883,1317883,A>T,0.739,0.131356,kmers,0.44,0.0062,HP1243,Blood group antigen binding adhesin BabA,0.46153846153846156,0.367816091954023,0.09372236958443858,0.09372236958443858,0.13135556160517428,GC
26695_1318641,26695,1318641,1318641,A>T,0.0458,1.33913,kmers,0.169,0.0487,HP1243,Blood group antigen binding adhesin BabA,0.1958041958041958,0.13218390804597702,0.06362028775821879,0.06362028775821879,1.3391345219961308,GC
26695_1317938,26695,1317938,1317938,A>T,0.601,0.221126,kmers,0.12,0.015,HP1243,Blood group antigen binding adhesin BabA,0.11188811188811189,0.13793103448275862,-0.02604292259464673,0.02604292259464673,0.22112552799726048,NAG
26695_1318602,26695,1318602,1318602,A>T,0.0963,1.01637,kmers,0.1,0.051,HP1243,Blood group antigen binding adhesin BabA,0.13986013986013987,0.08045977011494253,0.05940036974519734,0.05940036974519734,1.0163737128754655,GC
26695_1319192,26695,1319192,1319192,A>T,0.33,0.481486,kmers,0.255,0.0215,HP1243,Blood group antigen binding adhesin BabA,0.24475524475524477,0.10919540229885058,0.1355598424563942,0.1355598424563942,0.4814860601221125,GC
26695_1319488,26695,1319488,1319488,A>T,0.139,0.856985,kmers,0.0582,0.0574,HP1243,Blood group antigen binding adhesin BabA,0.08391608391608392,0.04597701149425287,0.03793907242183105,0.03793907242183105,0.8569851997459049,GC
26695_1317917,26695,1317917,1317917,A>T,0.406,0.391474,kmers,0.28,-0.0169,HP1243,Blood group antigen binding adhesin BabA,0.2517482517482518,0.3563218390804598,-0.104573587332208,0.104573587332208,0.39147396642280585,NAG
26695_1319312,26695,1319312,1319312,A>T,0.00499,2.3019,kmers,0.08,0.0946,HP1243,Blood group antigen binding adhesin BabA,0.0979020979020979,0.028735632183908046,0.06916646571818985,0.06916646571818985,2.3018994543766103,GC
26695_1318115,26695,1318115,1318115,A>T,0.352,0.453457,kmers,0.358,0.0174,HP1243,Blood group antigen binding adhesin BabA,0.44755244755244755,0.21264367816091953,0.23490876939152802,0.23490876939152802,0.453457336521869,GC
26695_1319067,26695,1319067,1319067,A>T,0.803,0.0952845,kmers,0.0455,-0.00831,HP1243,Blood group antigen binding adhesin BabA,0.04195804195804196,0.04597701149425287,-0.004018969536210913,0.004018969536210913,0.09528445472131904,NAG
26695_1317867,26695,1317867,1317867,A>T,0.624,0.204815,kmers,0.605,-0.00881,HP1243,Blood group antigen binding adhesin BabA,0.5594405594405595,0.6264367816091954,-0.06699622216863588,0.06699622216863588,0.20481541031757602,NAG
26695_1319698,26695,1319698,1319698,A>T,0.00234,2.63078,kmers,0.0909,0.0926,HP1243,Blood group antigen binding adhesin BabA,0.13286713286713286,0.011494252873563218,0.12137287999356965,0.12137287999356965,2.630784142589857,GC
26695_1319050,26695,1319050,1319050,A>T,2.99e-05,4.52433,kmers,0.118,0.119,HP1243,Blood group antigen binding adhesin BabA,0.08391608391608392,0.022988505747126436,0.06092757816895748,0.06092757816895748,4.52432881167557,GC
26695_1319810,26695,1319810,1319810,A>T,0.551,0.258848,kmers,0.173,-0.0147,HP1243,Blood group antigen binding adhesin BabA,0.16783216783216784,0.23563218390804597,-0.06780001607587813,0.06780001607587813,0.2588484011482149,NAG
26695_1319311,26695,1319311,1319311,A>T,0.00214,2.66959,kmers,0.0782,0.107,HP1243,Blood group antigen binding adhesin BabA,0.1048951048951049,0.017241379310344827,0.08765372558476006,0.08765372558476006,2.669586226650809,GC
26695_1318625,26695,1318625,1318625,A>T,0.935,0.0291884,kmers,0.0764,0.0028,HP1243,Blood group antigen binding adhesin BabA,0.08391608391608392,0.017241379310344827,0.0666747046057391,0.0666747046057391,0.0291883891274822,GC
26695_1319110,26695,1319110,1319110,A>T,0.0017,2.76955,kmers,0.12,0.0913,HP1243,Blood group antigen binding adhesin BabA,0.17482517482517482,0.005747126436781609,0.16907804838839322,0.16907804838839322,2.769551078621726,GC
26695_1318164,26695,1318164,1318164,A>T,0.937,0.0282604,kmers,0.664,0.00144,HP1243,Blood group antigen binding adhesin BabA,0.6153846153846154,0.632183908045977,-0.016799292661361598,0.016799292661361598,0.02826040911222171,NAG
26695_1319578,26695,1319578,1319578,A>T,2.03e-09,8.6925,kmers,0.467,0.114,HP1243,Blood group antigen binding adhesin BabA,0.6643356643356644,0.11494252873563218,0.5493931356000322,0.5493931356000322,8.692503962086787,GC
26695_1318306,26695,1318306,1318306,A>T,0.223,0.651695,kmers,0.176,0.0291,HP1243,Blood group antigen binding adhesin BabA,0.1958041958041958,0.1781609195402299,0.017643276263965918,0.017643276263965918,0.6516951369518393,GC
26695_1317918,26695,1317918,1317918,A>T,0.261,0.583359,kmers,0.122,0.0329,HP1243,Blood group antigen binding adhesin BabA,0.15384615384615385,0.13793103448275862,0.015915119363395236,0.015915119363395236,0.583359492661719,GC
26695_1319742,26695,1319742,1319742,A>T,3e-05,4.52288,kmers,0.116,0.126,HP1243,Blood group antigen binding adhesin BabA,0.15384615384615385,0.06896551724137931,0.08488063660477455,0.08488063660477455,4.522878745280337,GC
26695_1319584,26695,1319584,1319584,A>T,1.74e-07,6.75945,kmers,0.447,0.104,HP1243,Blood group antigen binding adhesin BabA,0.6293706293706294,0.10344827586206896,0.5259223535085604,0.5259223535085604,6.7594507517174005,GC
26695_1319204,26695,1319204,1319204,A>T,0.0045,2.34679,kmers,0.282,0.0639,HP1243,Blood group antigen binding adhesin BabA,0.27972027972027974,0.12643678160919541,0.15328349811108433,0.15328349811108433,2.3467874862246565,GC
26695_1319070,26695,1319070,1319070,A>T,5.74e-06,5.24109,kmers,0.162,0.117,HP1243,Blood group antigen binding adhesin BabA,0.24475524475524477,0.028735632183908046,0.21601961257133673,0.21601961257133673,5.241088107602026,GC
26695_1318281,26695,1318281,1318281,A>T,0.605,0.218245,kmers,0.729,0.0102,HP1243,Blood group antigen binding adhesin BabA,0.7902097902097902,0.7068965517241379,0.08331323848565231,0.08331323848565231,0.2182446253475311,GC
26695_1319884,26695,1319884,1319884,A>T,0.332,0.478862,kmers,0.424,0.0191,HP1243,Blood group antigen binding adhesin BabA,0.44755244755244755,0.3563218390804598,0.09123060847198777,0.09123060847198777,0.4788619162959637,GC
26695_1319735,26695,1319735,1319735,A>T,0.0136,1.86646,kmers,0.0473,0.115,HP1243,Blood group antigen binding adhesin BabA,0.07692307692307693,0.028735632183908046,0.04818744473916888,0.04818744473916888,1.8664610916297826,GC
26695_1319722,26695,1319722,1319722,A>T,0.0327,1.48545,kmers,0.0455,0.0942,HP1243,Blood group antigen binding adhesin BabA,0.08391608391608392,0.022988505747126436,0.06092757816895748,0.06092757816895748,1.485452247339714,GC
26695_1319076,26695,1319076,1319076,A>T,1.48e-05,4.82974,kmers,0.138,0.119,HP1243,Blood group antigen binding adhesin BabA,0.21678321678321677,0.017241379310344827,0.19954183747287194,0.19954183747287194,4.8297382846050425,GC
26695_1318119,26695,1318119,1318119,A>T,0.248,0.605548,kmers,0.325,0.022,HP1243,Blood group antigen binding adhesin BabA,0.40559440559440557,0.2413793103448276,0.16421509524957797,0.16421509524957797,0.6055483191737837,GC
26695_1318294,26695,1318294,1318294,A>T,0.151,0.821023,kmers,0.262,0.0306,HP1243,Blood group antigen binding adhesin BabA,0.2867132867132867,0.2413793103448276,0.04533397636845912,0.04533397636845912,0.8210230527068306,GC
26695_1318960,26695,1318960,1318960,A>T,0.0721,1.14206,kmers,0.0545,0.0734,HP1243,Blood group antigen binding adhesin BabA,0.08391608391608392,0.017241379310344827,0.0666747046057391,0.0666747046057391,1.142064735280571,GC
26695_1318271,26695,1318271,1318271,A>T,0.53,0.275724,kmers,0.645,0.0114,HP1243,Blood group antigen binding adhesin BabA,0.7132867132867133,0.5689655172413793,0.144321196045334,0.144321196045334,0.27572413039921095,GC
26695_1318367,26695,1318367,1318367,A>T,0.527,0.278189,kmers,0.198,-0.015,HP1243,Blood group antigen binding adhesin BabA,0.18181818181818182,0.21839080459770116,-0.03657262277951934,0.03657262277951934,0.27818938478745336,NAG
26695_1318780,26695,1318780,1318780,A>T,0.99,0.00436481,kmers,0.118,0.000344,HP1243,Blood group antigen binding adhesin BabA,0.13986013986013987,0.040229885057471264,0.0996302548026686,0.0996302548026686,0.004364805402450088,GC
26695_1318108,26695,1318108,1318108,A>T,0.113,0.946922,kmers,0.345,0.0298,HP1243,Blood group antigen binding adhesin BabA,0.42657342657342656,0.20114942528735633,0.22542400128607024,0.22542400128607024,0.9469215565165803,GC
26695_1318818,26695,1318818,1318818,A>T,0.0246,1.60906,kmers,0.175,0.0568,HP1243,Blood group antigen binding adhesin BabA,0.2097902097902098,0.06321839080459771,0.14657181898561208,0.14657181898561208,1.609064892896621,GC
26695_1319562,26695,1319562,1319562,A>T,0.00496,2.30452,kmers,0.127,0.0719,HP1243,Blood group antigen binding adhesin BabA,0.1888111888111888,0.028735632183908046,0.16007555662728076,0.16007555662728076,2.3045183235098023,GC
26695_1319201,26695,1319201,1319201,A>T,0.368,0.434152,kmers,0.178,0.0244,HP1243,Blood group antigen binding adhesin BabA,0.13986013986013987,0.09195402298850575,0.047906116871634125,0.047906116871634125,0.43415218132648237,GC
26695_1319942,26695,1319942,1319942,A>T,0.575,0.240332,kmers,0.209,-0.0127,HP1243,Blood group antigen binding adhesin BabA,0.14685314685314685,0.2471264367816092,-0.10027328992846235,0.10027328992846235,0.24033215531036956,NAG
26695_1319698,26695,1319698,1319698,A>T,0.000647,3.1891,kmers,0.124,0.0934,HP1243,Blood group antigen binding adhesin BabA,0.16783216783216784,0.07471264367816093,0.09311952415400691,0.09311952415400691,3.1890957193312994,GC
26695_1320018,26695,1320018,1320018,A>T,0.351,0.454693,kmers,0.349,-0.0202,HP1243,Blood group antigen binding adhesin BabA,0.25874125874125875,0.4425287356321839,-0.18378747689092517,0.18378747689092517,0.4546928835341759,NAG
26695_1319582,26695,1319582,1319582,A>T,5.23e-12,11.2815,kmers,0.525,0.133,HP1243,Blood group antigen binding adhesin BabA,0.7272727272727273,0.14942528735632185,0.5778474399164054,0.5778474399164054,11.281498311132726,GC
26695_1317889,26695,1317889,1317889,A>T,0.849,0.0710923,kmers,0.222,-0.00415,HP1243,Blood group antigen binding adhesin BabA,0.22377622377622378,0.26436781609195403,-0.04059159231573026,0.04059159231573026,0.07109230975604734,NAG
26695_1319569,26695,1319569,1319569,A>T,8.41e-05,4.0752,kmers,0.289,0.0784,HP1243,Blood group antigen binding adhesin BabA,0.4195804195804196,0.06321839080459771,0.3563620287758219,0.3563620287758219,4.075204004202088,GC
26695_1318829,26695,1318829,1318829,A>T,0.0258,1.58838,kmers,0.0727,0.0809,HP1243,Blood group antigen binding adhesin BabA,0.0979020979020979,0.017241379310344827,0.08066071859175308,0.08066071859175308,1.58838029403677,GC
26695_1319067,26695,1319067,1319067,A>T,1.74e-06,5.75945,kmers,0.213,0.11,HP1243,Blood group antigen binding adhesin BabA,0.2937062937062937,0.05172413793103448,0.24198215577525922,0.24198215577525922,5.7594507517174005,GC
26695_1319953,26695,1319953,1319953,A>T,0.67,0.173925,kmers,0.631,0.00987,HP1243,Blood group antigen binding adhesin BabA,0.5384615384615384,0.735632183908046,-0.19717064544650753,0.19717064544650753,0.17392519729917355,NAG
26695_1319912,26695,1319912,1319912,A>T,0.426,0.37059,kmers,0.351,0.0155,HP1243,Blood group antigen binding adhesin BabA,0.42657342657342656,0.28735632183908044,0.13921710473434612,0.13921710473434612,0.37059040089728107,GC
26695_1318266,26695,1318266,1318266,A>T,0.527,0.278189,kmers,0.456,0.0111,HP1243,Blood group antigen binding adhesin BabA,0.43356643356643354,0.41379310344827586,0.019773330118157684,0.019773330118157684,0.27818938478745336,GC
26695_1318546,26695,1318546,1318546,A>T,0.306,0.514279,kmers,0.231,-0.0222,HP1243,Blood group antigen binding adhesin BabA,0.2867132867132867,0.14367816091954022,0.1430351257937465,0.1430351257937465,0.51427857351842,GC
26695_1319221,26695,1319221,1319221,A>T,0.000404,3.39362,kmers,0.156,0.0868,HP1243,Blood group antigen binding adhesin BabA,0.11888111888111888,0.017241379310344827,0.10163973957077405,0.10163973957077405,3.393618634889395,GC
26695_1318634,26695,1318634,1318634,A>T,0.253,0.596879,kmers,0.215,0.0265,HP1243,Blood group antigen binding adhesin BabA,0.18181818181818182,0.22988505747126436,-0.04806687565308254,0.04806687565308254,0.5968794788241821,NAG
26695_1317844,26695,1317844,1317844,A>T,0.264,0.578396,kmers,0.0982,-0.033,HP1243,Blood group antigen binding adhesin BabA,0.055944055944055944,0.13218390804597702,-0.07623985210192108,0.07623985210192108,0.5783960731301689,NAG
26695_1319699,26695,1319699,1319699,A>T,0.0569,1.24489,kmers,0.0418,0.0893,HP1243,Blood group antigen binding adhesin BabA,0.2867132867132867,0.08620689655172414,0.20050639016156258,0.20050639016156258,1.2448877336049289,GC
26695_1319585,26695,1319585,1319585,A>T,1.19e-07,6.92445,kmers,0.455,0.107,HP1243,Blood group antigen binding adhesin BabA,0.6503496503496503,0.10344827586206896,0.5469013744875814,0.5469013744875814,6.924453038607469,GC
26695_1318432,26695,1318432,1318432,A>T,0.204,0.69037,kmers,0.0691,-0.0451,HP1243,Blood group antigen binding adhesin BabA,0.06293706293706294,0.07471264367816093,-0.011775580741097982,0.011775580741097982,0.6903698325741012,NAG
26695_1318261,26695,1318261,1318261,A>T,0.349,0.457175,kmers,0.424,0.0171,HP1243,Blood group antigen binding adhesin BabA,0.3776223776223776,0.41954022988505746,-0.041917852262679856,0.041917852262679856,0.45717457304082015,NAG
26695_1318171,26695,1318171,1318171,A>T,0.122,0.91364,kmers,0.796,0.0336,HP1243,Blood group antigen binding adhesin BabA,0.8321678321678322,0.735632183908046,0.09653564825978622,0.09653564825978622,0.9136401693252518,GC
26695_1319210,26695,1319210,1319210,A>T,0.00704,2.15243,kmers,0.209,0.0649,HP1243,Blood group antigen binding adhesin BabA,0.24475524475524477,0.08045977011494253,0.16429547464030225,0.16429547464030225,2.1524273408578876,GC
26695_1317855,26695,1317855,1317855,A>T,0.971,0.0127808,kmers,0.373,0.000776,HP1243,Blood group antigen binding adhesin BabA,0.5244755244755245,0.28160919540229884,0.24286632907322564,0.24286632907322564,0.012780770091995148,GC
26695_1318048,26695,1318048,1318048,A>T,0.596,0.224754,kmers,0.0691,-0.0194,HP1243,Blood group antigen binding adhesin BabA,0.055944055944055944,0.05747126436781609,-0.0015272084237601471,0.0015272084237601471,0.22475374025976358,NAG
26695_1318620,26695,1318620,1318620,A>T,0.95,0.0222764,kmers,0.32,0.00132,HP1243,Blood group antigen binding adhesin BabA,0.3006993006993007,0.39655172413793105,-0.09585242343863037,0.09585242343863037,0.022276394711152253,NAG
26695_1319911,26695,1319911,1319911,A>T,0.646,0.189767,kmers,0.08,0.0153,HP1243,Blood group antigen binding adhesin BabA,0.15384615384615385,0.017241379310344827,0.13660477453580902,0.13660477453580902,0.1897674820049159,GC
26695_1318047,26695,1318047,1318047,A>T,0.0636,1.19654,kmers,0.1,0.0589,HP1243,Blood group antigen binding adhesin BabA,0.15384615384615385,0.05747126436781609,0.09637488947833776,0.09637488947833776,1.1965428843515862,GC
26695_1319575,26695,1319575,1319575,A>T,0.0174,1.75945,kmers,0.158,0.0609,HP1243,Blood group antigen binding adhesin BabA,0.2097902097902098,0.04597701149425287,0.16381319829595692,0.16381319829595692,1.7594507517174003,GC
26695_1318262,26695,1318262,1318262,A>T,0.568,0.245652,kmers,0.431,0.0104,HP1243,Blood group antigen binding adhesin BabA,0.38461538461538464,0.42528735632183906,-0.040671971706454424,0.040671971706454424,0.24565166428898116,NAG
26695_1318226,26695,1318226,1318226,A>T,0.698,0.156145,kmers,0.255,-0.00844,HP1243,Blood group antigen binding adhesin BabA,0.14685314685314685,0.3620689655172414,-0.21521581866409453,0.21521581866409453,0.15614457737683893,NAG
26695_1319606,26695,1319606,1319606,A>T,2.75e-05,4.56067,kmers,0.216,0.0981,HP1243,Blood group antigen binding adhesin BabA,0.2937062937062937,0.034482758620689655,0.25922353508560403,0.25922353508560403,4.560667306169737,GC
26695_1318207,26695,1318207,1318207,A>T,0.568,0.245652,kmers,0.0782,0.0182,HP1243,Blood group antigen binding adhesin BabA,0.13286713286713286,0.034482758620689655,0.09838437424644321,0.09838437424644321,0.24565166428898116,GC
26695_1318252,26695,1318252,1318252,A>T,0.893,0.0491485,kmers,0.396,0.00253,HP1243,Blood group antigen binding adhesin BabA,0.3986013986013986,0.3103448275862069,0.08825657101519169,0.08825657101519169,0.049148541111453566,GC
26695_1319478,26695,1319478,1319478,A>T,0.0827,1.08249,kmers,0.0618,0.0634,HP1243,Blood group antigen binding adhesin BabA,0.11188811188811189,0.05172413793103448,0.060163973957077406,0.060163973957077406,1.0824944904474534,GC
26695_1319591,26695,1319591,1319591,A>T,4.29e-07,6.36754,kmers,0.462,0.105,HP1243,Blood group antigen binding adhesin BabA,0.6293706293706294,0.09770114942528736,0.531669479945342,0.531669479945342,6.367542707815276,GC
26695_1317862,26695,1317862,1317862,A>T,0.203,0.692504,kmers,0.651,-0.0255,HP1243,Blood group antigen binding adhesin BabA,0.6433566433566433,0.6379310344827587,0.0054256088738846575,0.0054256088738846575,0.6925039620867871,GC
26695_1318334,26695,1318334,1318334,A>T,0.529,0.276544,kmers,0.0655,-0.0235,HP1243,Blood group antigen binding adhesin BabA,0.04195804195804196,0.09770114942528736,-0.0557431074672454,0.0557431074672454,0.2765443279648142,NAG
26695_1319565,26695,1319565,1319565,A>T,0.00478,2.32057,kmers,0.196,0.0608,HP1243,Blood group antigen binding adhesin BabA,0.27972027972027974,0.05172413793103448,0.22799614178924527,0.22799614178924527,2.3205721033878812,GC
26695_1319304,26695,1319304,1319304,A>T,0.127,0.896196,kmers,0.0491,0.0544,HP1243,Blood group antigen binding adhesin BabA,0.06993006993006994,0.017241379310344827,0.05268869061972511,0.05268869061972511,0.8961962790440431,GC
26695_1318927,26695,1318927,1318927,A>T,0.0209,1.67985,kmers,0.231,0.0512,HP1243,Blood group antigen binding adhesin BabA,0.3146853146853147,0.06896551724137931,0.24571979744393538,0.24571979744393538,1.679853713888946,GC
26695_1319995,26695,1319995,1319995,A>T,0.346,0.460924,kmers,0.227,0.0195,HP1243,Blood group antigen binding adhesin BabA,0.2727272727272727,0.10919540229885058,0.16353187042842213,0.16353187042842213,0.46092390120722343,GC
26695_1320006,26695,1320006,1320006,A>T,0.396,0.402305,kmers,0.235,0.0175,HP1243,Blood group antigen binding adhesin BabA,0.2727272727272727,0.12643678160919541,0.1462904911180773,0.1462904911180773,0.40230481407448765,GC
26695_1318280,26695,1318280,1318280,A>T,0.605,0.218245,kmers,0.729,0.0102,HP1243,Blood group antigen binding adhesin BabA,0.7902097902097902,0.7068965517241379,0.08331323848565231,0.08331323848565231,0.2182446253475311,GC
26695_1318432,26695,1318432,1318432,A>T,0.258,0.58838,kmers,0.1,0.0322,HP1243,Blood group antigen binding adhesin BabA,0.18181818181818182,0.0,0.18181818181818182,0.18181818181818182,0.5883802940367698,GC
26695_1320009,26695,1320009,1320009,A>T,0.194,0.712198,kmers,0.273,0.0257,HP1243,Blood group antigen binding adhesin BabA,0.3706293706293706,0.13793103448275862,0.232698336146612,0.232698336146612,0.712198270069774,GC
26695_1318969,26695,1318969,1318969,A>T,0.00173,2.76195,kmers,0.0927,0.0997,HP1243,Blood group antigen binding adhesin BabA,0.16083916083916083,0.028735632183908046,0.1321035286552528,0.1321035286552528,2.7619538968712045,GC
26695_1318974,26695,1318974,1318974,A>T,0.000545,3.2636,kmers,0.0745,0.126,HP1243,Blood group antigen binding adhesin BabA,0.11888111888111888,0.022988505747126436,0.09589261313399244,0.09589261313399244,3.2636034977233574,GC
26695_1317866,26695,1317866,1317866,A>T,0.321,0.493495,kmers,0.647,-0.0195,HP1243,Blood group antigen binding adhesin BabA,0.6433566433566433,0.6379310344827587,0.0054256088738846575,0.0054256088738846575,0.4934949675951279,GC
26695_1319223,26695,1319223,1319223,A>T,0.000249,3.6038,kmers,0.144,0.0924,HP1243,Blood group antigen binding adhesin BabA,0.16783216783216784,0.07471264367816093,0.09311952415400691,0.09311952415400691,3.6038006529042637,GC
26695_1318265,26695,1318265,1318265,A>T,0.527,0.278189,kmers,0.456,0.0111,HP1243,Blood group antigen binding adhesin BabA,0.43356643356643354,0.41379310344827586,0.019773330118157684,0.019773330118157684,0.27818938478745336,GC
26695_1318112,26695,1318112,1318112,A>T,0.231,0.636388,kmers,0.364,0.0227,HP1243,Blood group antigen binding adhesin BabA,0.45454545454545453,0.20689655172413793,0.2476489028213166,0.2476489028213166,0.6363880201078557,GC
26695_1318642,26695,1318642,1318642,A>T,0.0311,1.50724,kmers,0.151,0.0565,HP1243,Blood group antigen binding adhesin BabA,0.17482517482517482,0.10919540229885058,0.06562977252632424,0.06562977252632424,1.5072396109731625,GC
26695_1319961,26695,1319961,1319961,A>T,0.544,0.264401,kmers,0.589,-0.0115,HP1243,Blood group antigen binding adhesin BabA,0.5734265734265734,0.5172413793103449,0.056185194116228576,0.056185194116228576,0.26440110030182007,GC
26695_1318971,26695,1318971,1318971,A>T,0.00122,2.91364,kmers,0.0945,0.102,HP1243,Blood group antigen binding adhesin BabA,0.16783216783216784,0.028735632183908046,0.1390965356482598,0.1390965356482598,2.9136401693252516,GC
26695_1319590,26695,1319590,1319590,A>T,4.29e-07,6.36754,kmers,0.462,0.105,HP1243,Blood group antigen binding adhesin BabA,0.6293706293706294,0.09770114942528736,0.531669479945342,0.531669479945342,6.367542707815276,GC
26695_1319599,26695,1319599,1319599,A>T,3.45e-05,4.46218,kmers,0.355,0.0876,HP1243,Blood group antigen binding adhesin BabA,0.4965034965034965,0.06321839080459771,0.4332851056988988,0.4332851056988988,4.462180904926726,GC
26695_1319053,26695,1319053,1319053,A>T,0.000679,3.16813,kmers,0.204,0.0751,HP1243,Blood group antigen binding adhesin BabA,0.02097902097902098,0.04597701149425287,-0.024997990515231893,0.024997990515231893,3.1681302257194983,NAG
26695_1320039,26695,1320039,1320039,A>T,0.117,0.931814,kmers,0.264,-0.0364,HP1243,Blood group antigen binding adhesin BabA,0.20279720279720279,0.3505747126436782,-0.1477775098464754,0.1477775098464754,0.9318141382538383,NAG
26695_1319713,26695,1319713,1319713,A>T,0.451,0.345823,kmers,0.0673,-0.0266,HP1243,Blood group antigen binding adhesin BabA,0.13286713286713286,0.06321839080459771,0.06964874206253516,0.06964874206253516,0.34582345812203946,GC
26695_1318919,26695,1318919,1318919,A>T,0.000619,3.20831,kmers,0.436,0.0694,HP1243,Blood group antigen binding adhesin BabA,0.6433566433566433,0.11494252873563218,0.5284141146210112,0.5284141146210112,3.208309350979882,GC
